Question ID,Subject,Topic,Subtopic
Q000001,General Mental Ability & CSAT,Coding-Decoding,MICROSCOPE
Q000002,General Mental Ability & CSAT,Blood Relations,SPRING
Q000003,General Mental Ability & CSAT,Age Problems,"Mukesh said to his friend, ""Rita is the mother of my son's wife's daughter"""
Q000004,General Mental Ability & CSAT,Direction Sense,"Ram goes North, turn right, then goes right again and then goes to left"
Q000005,General Mental Ability & CSAT,Letter Series,Alphabetical and Dictionary Order
Q000006,General Mental Ability & CSAT,Ranking and Ordering,Nitin is 7 ranks ahead of Joginder in a class of 39
Q000007,General Mental Ability & CSAT,Symbol/Operator Substitution,"If + means x, x means -, ÷ means + and - means ÷ then 175-25÷5+20×3+10 equals to:"
Q000008,General Mental Ability & CSAT,Age Problems,Rahul is 3 times as old as Seema. Laxmi was twice as old as Rahul four years ago. In four year's time. Rahul will be 31.
Q000009,General Mental Ability & CSAT,Number Series,Missing Number
Q000010,General Mental Ability & CSAT,Code Breaking,Substitution Cipher
Q000011,General Mental Ability & CSAT,Coding-Decoding,38th National Junior Athletics Championship
Q000012,General Mental Ability & CSAT,Coding-Decoding,Kosi Mechi Link Project
Q000013,General Mental Ability & CSAT,Languages,Classical Languages
Q000014,General Mental Ability & CSAT,Biodiversity,Important Bird Areas
Q000015,General Mental Ability & CSAT,Current Affairs,Panchayati Raj Day 2025
Q000016,General Mental Ability & CSAT,Space Missions,Lunar Trailblazer Mission
Q000017,General Mental Ability & CSAT,Ethnic Groups,Afrikaners
Q000018,General Mental Ability & CSAT,Heritage Conservation,Stepwell Conservation
Q000019,General Mental Ability & CSAT,Current Affairs,Mayor of New York City
Q000020,General Mental Ability & CSAT,International Events,Eurovision Song Contest
Q000021,General Mental Ability & CSAT,Space Missions,GSLV-F15 Mission
Q000022,General Mental Ability & CSAT,International Events,18th G20 Summit
Q000023,General Mental Ability & CSAT,International Agreements,UN Climate Conference Baku 2024
Q000024,General Mental Ability & CSAT,Literature Awards,Han Kang's Novel
Q000025,General Mental Ability & CSAT,Geomorphology,Glacier dead
Q000026,General Mental Ability & CSAT,Human Development,HDI Report 2023
Q000027,General Mental Ability & CSAT,Current Affairs,AI Action Summit 2025
Q000028,General Mental Ability & CSAT,Film Awards,Emma Stone Oscar 2024
Q000029,General Mental Ability & CSAT,Film Awards,Gujarati Film National Award 2024
Q000030,General Mental Ability & CSAT,Awards,Ramon Magsaysay Award 2024
Q000031,General Mental Ability & CSAT,Defence Systems,Akashteer
Q000032,General Mental Ability & CSAT,Military Ecosystem,MBT Arjun
Q000033,General Mental Ability & CSAT,Days of Remembrance,Holocaust Memorial Day
Q000034,General Mental Ability & CSAT,Literature,Banu Mushtaq Book 2025
Q000035,General Mental Ability & CSAT,International Relations,Indus Waters Treaty Rivers
Q000036,General Mental Ability & CSAT,Human Development,Capability Poverty Measure (CPM)
Q000037,General Mental Ability & CSAT,Indicators of Poor Health and Nutrition,Child Malnutrition
Q000038,General Mental Ability & CSAT,Forest Cover,India State of Forest Report 2023
Q000039,General Mental Ability & CSAT,Global Services Export,Country Share in 2023
Q000040,General Mental Ability & CSAT,U-WIN Portal,Incorrect Statements
Q000041,General Mental Ability & CSAT,NUIS Digital Blueprint,National Institute of Urban Affairs (NIUA)
Q000042,General Mental Ability & CSAT,Bharatmala Pariyojana,Rajasthan - Highest Constructed Road Length
Q000043,General Mental Ability & CSAT,Kisan Rin Portal,Ministry of Agriculture and Farmers Welfare and NABARD
Q000044,General Mental Ability & CSAT,Coding-Decoding,USD 640 Billion as of December 2024
Q000045,General Mental Ability & CSAT,Coding-Decoding,Himachal Pradesh and Jammu & Kashmir
Q000046,General Mental Ability & CSAT,Labour Force Participation Rate (LFPR),Increase in Rural Female LFPR since 2021-22
Q000047,General Mental Ability & CSAT,"Science, Technology and Innovation Policy 2020",One Nation One Subscription
Q000048,General Mental Ability & CSAT,Coding-Decoding,GVA Share Increase from 2020-21 to 2022-23
Q000049,General Mental Ability & CSAT,Coding-Decoding,Code language
Q000050,General Mental Ability & CSAT,Decision Making,Personalized mentoring for lagging students to reach grade-level competencies
Q000051,General Mental Ability & CSAT,Puzzle,YUVA framework components
Q000052,General Mental Ability & CSAT,Quantitative word-problems,Simple and compound interest
Q000053,General Mental Ability & CSAT,Number Series,Demographic dividend peak
Q000054,General Mental Ability & CSAT,Quantitative word-problems,Employment among women in Bihar
Q000055,General Mental Ability & CSAT,Coding-Decoding,Recruitment of Secretarial staff
Q000056,General Mental Ability & CSAT,Coding-Decoding,Advice to the President on legal matters
Q000057,General Mental Ability & CSAT,Coding-Decoding,Protection of wildlife
Q000058,General Mental Ability & CSAT,Coding-Decoding,Promotion of cottage Industry in rural areas
Q000059,General Mental Ability & CSAT,Coding-Decoding,Administration of scheduled areas
Q000060,General Mental Ability & CSAT,Coding-Decoding,Ministries and Departments are formed by the Prime Minister
Q000061,General Mental Ability & CSAT,Constitutional Bodies,Procedures of State Legislature
Q000062,General Mental Ability & CSAT,Fundamental Rights,Restrictions on Fundamental Rights
Q000063,General Mental Ability & CSAT,Constitutional Bodies,Qualification of Finance Commission Members
Q000064,General Mental Ability & CSAT,Parliamentary Procedures,Prorogation of a Session
Q000065,General Mental Ability & CSAT,Panchayati Raj Institutions,Empowerment for Financial Review
Q000066,General Mental Ability & CSAT,Economic Schemes,Atmanirbhar Bharat Scheme
Q000067,General Mental Ability & CSAT,Panchayati Raj Institutions,Purpose of Panchayati Raj
Q000068,General Mental Ability & CSAT,Parliamentary Procedures,Censure Motion Characteristics
Q000069,General Mental Ability & CSAT,Judicial System,Jurisdiction of High Court and Supreme Court
Q000070,General Mental Ability & CSAT,Coding-Decoding,Safety Valve Theory - Bipin Chandra Pal
Q000071,General Mental Ability & CSAT,Coding-Decoding,Bomb Throw on Viceroy - Lord Minto
Q000072,General Mental Ability & CSAT,Coding-Decoding,Professor of Indian Philosophy - Virendranath Chattopadhyay
Q000073,History of India,Indian National Movement,Balwant Rai Mehta
Q000074,History of Bihar,Bihar's Role in 1857,Dadabhai Naoroji
Q000075,History of India,Indian National Movement,Indian National Congress
Q000076,History of India,Mahajanapadas,Subhas Chandra Bose
Q000077,History of India,Bharti Movement,Muhammad Shafi
Q000078,History of India,Indian National Movement,Muhammad Ali Jinnah
Q000079,History of India,Constitutional Development,Partition of India Act 1947
Q000080,History of Bihar,Bihar's Role in 1857,Rajeshwari Dayal
Q000081,History of Bihar,Kisan Movement,Sridhar Swami
Q000082,History of Bihar,Champaran Satyagraha,Mahavir Singh
Q000083,History of Bihar,Kunwar Singh,Murder at Bikram Police Station
Q000084,History of Bihar,Bihar's Role in 1857,Rajeshwari Dayal
Q000085,History of India,Mauryan Empire,Ashoka
Q000086,History of Bihar,Harshavardhana,Assembly at Prayag
Q000087,Indian Polity,Constitution,Articles of the Constitution
Q000088,Art & Culture,Tulsidas,Works of Tulsidas
Q000089,Indian Economy,Development,Economic Reforms
Q000090,General Mental Ability & CSAT,Constitution,Constitutional Bodies
Q000091,History of Bihar,Nalanda University,Acharyas of Nalanda University
Q000092,History of India,British Expansion,Treaty of Salbai
Q000093,Bihar Economy,Newspapers,First Newspaper of Bihar
Q000094,General Mental Ability & CSAT,Kisan Sabha,Dr. Rajendra Prasad
Q000095,Geography,Straits,Strait of Hormuz
Q000096,General Mental Ability & CSAT,Coding-Decoding,Symbol Substitution
Q000097,Geography,Rivers,Kosi River
Q000098,Art & Culture,Bihar Culture,Ladang
Q000099,Geography,Rivers,Godavari River
Q000100,Geography,Rivers,Ganga River
Q000101,Geography,Rivers,Alaknanda River
Q000102,Geography,Rivers,Vishnuprayag Confluence
Q000103,Art & Culture,Bihar Culture,Meerut Craft - Chikanery
Q000104,Geography,Soils,Black Cotton Soil
Q000105,Geography,Agriculture,Kanha National Park
Q000106,Geography,Rivers,Loktak Lake
Q000107,Geography,Biodiversity,Bihar Wildlife
Q000108,Bihar Polity & Governance,Important Personalities,Kunwar Singh
Q000109,History of Bihar,Sasaram,Sasaram Archaeological Museum
Q000110,Geography,Rivers,Karmanasa River
Q000111,Indian Economy,Minerals,Pyrite
Q000112,Geography,Soils,Gold Deposits
Q000113,Geography,Climate,Tropical Monsoon Climate
Q000114,Geography,Rivers,Kosi River
Q000115,General Mental Ability & CSAT,Blood Relations,Force and Friction
Q000116,General Mental Ability & CSAT,Mathematical & Symbol Operations,Energy Conversion (Units) - Joules
Q000117,General Mental Ability & CSAT,Mathematical & Symbol Operations,Energy Conversion (Units) - Joules
Q000118,General Science,Physics,Potential Energy
Q000119,General Mental Ability & CSAT,Mathematical & Symbol Operations,Work Done - Force x Distance
Q000120,General Mental Ability & CSAT,Coding-Decoding,Focal Length of a Plane Mirror
Q000121,General Mental Ability & CSAT,Mathematical & Symbol Operations,Arithmetic
Q000122,General Mental Ability & CSAT,Mathematical & Symbol Operations,Coding-Decoding
Q000123,General Mental Ability & CSAT,Mathematical & Symbol Operations,Coding-Decoding
Q000124,Indian Economy,Banking,Financial System
Q000125,General Mental Ability & CSAT,Mathematical & Symbol Operations,Age Problems
Q000126,General Science,Chemistry,Metal Compounds
Q000127,General Science,Chemistry,Metal Compounds
Q000128,General Science,Chemistry,Metal Compounds
Q000129,General Science,Chemistry,Chemical Reactions
Q000130,General Science,Chemistry,Chemical Reactions
Q000131,General Science,Chemistry,Polymer Chemistry
Q000132,General Mental Ability & CSAT,Blood Relations,Family Relation Puzzle
Q000133,General Mental Ability & CSAT,Coding-Decoding,Herpes Simplex Virus and Human
Q000134,General Mental Ability & CSAT,Coding-Decoding,First Immunoglobulin Produced
Q000135,General Mental Ability & CSAT,Coding-Decoding,Biological Membranes Composition
Q000136,General Mental Ability & CSAT,Mathematical & Symbol Operations,Non-sense Codon
Q000137,General Mental Ability & CSAT,Blood Relations,Endangered Species
Q000138,Indian Economy,Agriculture,Kharif Crop
Q000139,General Mental Ability & CSAT,Age Problems,Xylem Function
Q000140,General Mental Ability & CSAT,Blood Relations,Linnaeus Classification
Q000141,General Mental Ability & CSAT,Coding-Decoding,Mango Part
Q000142,General Mental Ability & CSAT,Age Problems,Ozone Day Celebration
Q000143,General Mental Ability & CSAT,Mathematical & Symbol Operations,Mycorrhizal Association Advantage
Q000144,General Mental Ability & CSAT,Coding-Decoding,Famous Buddhist Learning Centres
Q000145,History of India,Vedic Age,Rigveda
Q000146,History of India,Indus Valley Civilization,Harappa
Q000147,History of India,Mauryan Empire,Chandragupta Maurya
Q000148,History of India,Ashoka,Ashoka’s Pillar
Q000149,History of India,Indus Valley Civilization,Mohenjo-daro
Q000150,History of India,Gupta Age,Deogarh Temple
Q000151,History of India,Chera Dynasty,Thamiz Khundram
Q000152,History of India,Early Medieval India,Chera Dynasty
Q000153,History of India,Early Medieval India,Assam
Q000154,History of India,Vakatakas,Praversena
Q000155,History of Bihar,Shishunag Dynasty,Haryak Vansh
Q000156,History of Bihar,Early Medieval India,Magadha
Q000157,History of India,Vedic Age,Ajivika sect
Q000158,History of India,Mauryan Empire,Council of Ashta Pradhan
Q000159,Art & Culture,Buddhism & Jainism,Painting of Bodhisattva Padmapani
Q000160,History of India,Chinese Pilgrims,Fa Hien and Hiuen Tsang
Q000161,Indian Polity,Constitution,List-I match with List-II
Q000162,History of India,Religious Movements,"Nathpanthis, Siddhas and Yogis"
Q000163,History of Bihar,Magadha,Capital of Magadha during early Vedic period
Q000164,History of India,Ancient Philosophers,Nitisara by Kautilya
Q000165,History of India,Buddhism,Meghavarman and Gupta Kings
Q000166,Geography,Religious Architecture,"Stupas, Chaityas and Viharas"
Q000167,History of India,Indus Valley Civilization,Animals known to the Indus Valley Civilization
Q000168,Geography,Rivers,Area south of the Ganga
Q000169,General Mental Ability & CSAT,Coding-Decoding,Numerical Substitution
Q000170,History of India,Mauryan Empire,Ashoka
Q000171,History of India,Harshavardhana,Administration
Q000172,History of India,Mauryan Empire,Chandragupta Maurya
Q000173,History of India,Buddhism,First Buddhist Council
Q000174,History of India,Gupta Age,Chandragupta I
Q000175,History of India,Gupta Age,Skandagupta
Q000176,History of India,Vardhan Dynasty,Prithviraj Chauhan
Q000177,History of India,Harshavardhana,Roman Trade
Q000178,History of India,Mauryan Empire,Dārtaṇa
Q000179,Geography,Harappan Sites,Dholavira
Q000180,History of India,Chola Dynasty,Vijayalaya Chola
Q000181,History of India,Vedic Age,Rigveda
Q000182,Indian Polity,Constitution,Fundamental Rights
Q000183,Indian Economy,Development,Five Year Plans
Q000184,Art & Culture,Buddhism & Jainism,Council of Vallabhi
Q000185,Geography,Rivers,Indus River
Q000186,General Science,Biology,Cell Biology
Q000187,Geography,Geomorphology,River Morphology
Q000188,History of India,Mauryan Empire,Chandragupta Maurya
Q000189,Art & Culture,Buddhism & Jainism,Stupa
Q000190,History of India,Harshavardhana,Kannauj
Q000191,History of India,Mauryan Empire,Ashoka
Q000192,General Science,Chemistry,Periodic Table
Q000193,History of India,Indus Valley Civilization,Harappa
Q000194,History of India,Indus Valley Civilization,Excavation of Harappa
Q000195,Geography,Rivers,Sapta-Saindhava
Q000196,History of India,Mauryan Empire,Chandragupta Maurya
Q000197,History of India,Mauryan Empire,Gratuity to Seleucus
Q000198,History of India,Harshavardhana,Mosque of Dhai Din Ka Jhonpra
Q000199,History of India,Islamic Period,Ibn Battuta
Q000200,History of India,Buddhism,First Sermon of Buddha
Q000201,Geography,Agriculture,Oldest Evidence of Agriculture
Q000202,History of India,Gupta Empire,Gold Currency
Q000203,History of India,Scientific Contributions,Earth's Rotation
Q000204,History of India,Mauryan Empire,Gautam Buddha's First Sermon
Q000205,History of India,Indus Valley Civilization,Periplus of the Erythraean Sea
Q000206,History of India,Indus Valley Civilization,Features of Indus Valley Civilization
Q000207,History of India,Mauryan Empire,Megasthenes
Q000208,History of India,Arthashastra,Kautilya
Q000209,History of India,Buddhism,Tripitaka
Q000210,History of India,Mauryan Empire,Ashoka's Dhamma
Q000211,History of India,Mauryan Empire,Division of Maurya Society
Q000212,History of India,Gupta Age,Fa-hien's Visit
Q000213,History of India,Chola Dynasty,Chola Period
Q000214,History of India,South Indian Kingdoms,Temple Entrance Gates
Q000215,History of India,Indus Valley Civilization,Sungyun's Visit
Q000216,History of India,Harappan Civilization,Terracotta Plough
Q000217,History of India,Vedic Age,Rigveda
Q000218,Geography,Soils,Black Cotton Soil
Q000219,History of India,Indus Valley Civilization,Excavation of Harappa and Mohenjo-daro
Q000220,History of India,Buddhism,First Sermon at Sarnath
Q000221,History of India,Harshavardhana,Fa-Hien
Q000222,History of India,Mauryan Empire,Kanishka
Q000223,History of India,Nalanda University,Kumarajiva
Q000224,History of India,Greek Influence in India,Megasthenes
Q000225,History of India,Indus Valley Civilization,Ports of Harappa
Q000226,Geography,Rivers,River Narmada
Q000227,History of India,Gupta Empire,Rudradaman I
Q000228,History of India,Kalhana,Rajatarangini
Q000229,History of India,Buddhism,Mahavir Swami
Q000230,History of India,Buddhism,Mahaparinirvana
Q000231,History of India,Buddhism,Dharma Chakra Pravartan
Q000232,History of Bihar,Magadha,Initial Capital
Q000233,History of Bihar,Mauryan Bihar,Ajatashatru's Dynasty
Q000234,History of Bihar,Buddhism,Third Buddhist Council
Q000235,Geography,Rivers,Kosi-Mechi Link Project
Q000236,Indian Polity,Constitution,Arthashastra Divisions
Q000237,History of India,Mauryan Empire,Chandragupta Maurya - Sandrocottos
Q000238,History of India,Mauryan Empire,Last Mauryan Emperor
Q000239,History of India,Buddhism,Third Buddhist Council (Kanishka) - City
Q000240,History of Bihar,Magadha,Megasthenes' Book
Q000241,History of India,Mauryan Empire,Ashokavarman
Q000242,History of India,Indus Valley Civilization,Harshacharita
Q000243,History of Bihar,Buddhism,Birthplace of Mahavira
Q000244,History of India,Buddhism,Mahaparinirvana
Q000245,History of India,Buddhism,Dharmachakra Pravartan
Q000246,History of India,Buddhism,Bodh Gaya
Q000247,History of Bihar,Magadha,Pataliputra
Q000248,History of Bihar,Gupta Period,Chandragupta Maurya
Q000249,History of India,Mauryan Empire,Third Buddhist Council
Q000250,History of Bihar,Mughal Bihar,Lead Coins
Q000251,History of India,Gupta Age,Ashoka's Economic Policy
Q000252,History of India,Gupta Age,Allahabad Prashasti
Q000253,History of India,Buddhist Sects,Theravada
Q000254,History of Bihar,Magadha,Pradyota
Q000255,History of India,Ancient India,Torman
Q000256,History of India,Mauryan Empire,Brihadeshwara Temple
Q000257,History of India,Religious Practices,Widow-Burning
Q000258,History of India,Mauryan Empire,Bimbisara
Q000259,History of Bihar,Magadha,Gorathgiri
Q000260,History of India,Nalanda University,Learning Center
Q000261,History of Bihar,Pala Dynasty,Ajatashatru Dynasty
Q000262,History of India,Buddhist Philosophy,Buddha's Teachers
Q000263,History of India,Mauryan Empire,Ashoka
Q000264,History of India,Buddhist Sects,Kaivalya Gyan
Q000265,History of India,Vedic Age,Anga
Q000266,History of India,Buddhism,Gautam Buddha
Q000267,History of India,Harshavardhana,Kalhan's book
Q000268,History of India,Mauryan Empire,First Buddhist Council
Q000269,History of India,Mauryan Empire,Gautam Buddha
Q000270,History of India,Bhakti Movement,Zilli-llahi
Q000271,History of India,Sufi Movement,Tarikh-i-Firoz Shahi
Q000272,History of India,Delhi Sultanate,Muqaddam or Chaudhuri
Q000273,History of India,Economic Impact,Land types - Amarkosha
Q000274,History of India,Harshavardhana,Types of land - Amarkosha
Q000275,History of India,Miscellaneous,None
Q000276,History of Bihar,Pala Dynasty,Tarikh-i-Firoz Shahi
Q000277,History of India,Mughal Empire,Akbar
Q000278,History of India,Ashpradhan system,Official
Q000279,History of India,Mauryan Empire,Babur
Q000280,History of India,Mughal Ports,Babul Makka
Q000281,History of India,Mughal Period,Nowruz
Q000282,History of India,Mughal Rulers,Futuhat-i-Alamgiri
Q000283,History of India,Delhi Sultanate,Muqaddam or Chaudhari
Q000284,History of India,Vijayanagara Empire,Nagalapuram
Q000285,History of India,Delhi Sultanate,Tabaqat-i-Akbari
Q000286,History of India,Delhi Sultanate,Khalifa
Q000287,History of India,Mughal Empire,Dar-ul-Islam
Q000288,History of India,Delhi Sultanate,Opposed the power of the Khalifa
Q000289,History of India,Mughal Empire,Tughril Khan
Q000290,History of India,Mughal Empire,First Mughal Ruler against British
Q000291,History of India,Gupta Age,Construction of Qutub Minar
Q000292,History of India,Vijayanagara Empire,Founder of Vijayanagara Empire
Q000293,History of India,Mughal Empire,Mughal Ruler who received Sir Thomas Roe
Q000294,History of India,Mughal Empire,Ain-i-Akbari written by
Q000295,History of India,Delhi Sultanate,Policy of 'blood and iron' adopted by
Q000296,History of India,Mauryan Empire,Elaborated local self-government
Q000297,History of India,Mughal Empire,Pietra Dura technique
Q000298,History of India,Mughal Empire,Establishment of Karkhanas by
Q000299,History of India,Mughal Empire,1565 AD War
Q000300,History of India,Delhi Sultanate,Establishment of Public Distribution System
Q000301,History of India,Bhakti Movement,Sher Shah Suri
Q000302,History of Bihar,Sher Shah Suri,Ashta Pradhan
Q000303,Art & Culture,Mughal Painting,Zenith
Q000304,Indian Economy,Development,Mansabdari System
Q000305,History of Bihar,Mauryan Bihar,Ashta Pradhan
Q000306,Geography,Rivers,Hooghly
Q000307,History of India,Mughal Empire,Piracy in Bay of Bengal
Q000308,Art & Culture,Bhakti Movement,Chishti Sect
Q000309,History of India,Mughal Empire,Foreign Minister (Shivaji's Administration)
Q000310,History of Bihar,Bhakti Movement,Bhakhtiyar Khilji Invasion
Q000311,Indian Economy,Fiscal Policy,Half Crop Revenue
Q000312,History of India,Sufi Movement,Shaikh Bahauddin Zakaria
Q000313,History of India,Mauryan Empire,Chanakya
Q000314,History of India,Harshavardhana,Allahabad Palace
Q000315,History of India,Sher Shah Suri,Sher Shah Suri - Akabar of Kashmir
Q000316,History of India,Vijayanagara Empire,Remains of Vijayanagara Empire
Q000317,History of India,Ancient India,Use of Paper in India
Q000318,History of India,Mughal Empire,European Paintings Introduction
Q000319,History of India,Mughal Empire,English East India Company Formation
Q000320,History of India,Mughal Empire,Diwan-e-Arj Department
Q000321,History of India,Mughal Empire,Founder of Bahmani Kingdom
Q000322,History of India,Mughal Empire,Jaswant and Dasawan Painters
Q000323,History of India,Bahmani Kingdom,Founder of Bahmani Kingdom
Q000324,History of India,Mughal Empire,Abdurrajiak - Persian Traveller
Q000325,History of India,Mahajanapadas,Magadha
Q000326,History of India,Mauryan Empire,Ashoka
Q000327,History of India,Vedic Age,Rigveda
Q000328,History of India,Harshavardhana,Vishnukot Dynasty
Q000329,History of India,Gupta Age,Chandragupta I
Q000330,History of India,Harshavardhana,Religious Tolerance
Q000331,History of India,Delhi Sultanate,Qutb-ud-din Aibak
Q000332,History of India,Mughal Empire,Akbar
Q000333,History of India,Bhakti Movement,Narsi Mehta
Q000334,Geography,Rivers,Kosi River
Q000335,Geography,North Bihar,Agra
Q000336,History of India,Mahajanapadas,Magadha
Q000337,History of India,Mahajanapadas,Magadha
Q000338,History of Bihar,Magadha,Devagiri
Q000339,History of India,Delhi Sultanate,Qutb-ud-din Aibak
Q000340,History of India,Mughal Empire,Jagirs
Q000341,History of Bihar,British Rule,Formation of Bihar and Orissa Province
Q000342,Ethics & Integrity — Mains,Thinkers,Balban
Q000343,History of India,Mughal Empire,R.P. Tripathi
Q000344,History of India,Mughal Empire,Firuz Shah Tughluq
Q000345,History of Bihar,Sher Shah Suri,R.P. Tripathi
Q000346,History of India,Delhi Sultanate,Muhammad Ghori
Q000347,History of Bihar,Chaulukyas of Gujarat,Ibn Batuta
Q000348,History of India,Mughal Empire,Ibn Batuta
Q000349,History of India,Mauryan Empire,Ashoka
Q000350,History of Bihar,Sher Shah Suri,Battle of Bilgram
Q000351,History of India,Chittor,Raja Lakama
Q000352,History of India,Mughal Administration,Chief Kazi
Q000353,History of India,Mughal Empire,Babur
Q000354,History of India,Khilji Dynasty,Alauddin Khilji
Q000355,History of India,Santhal Rebellion,Soren Sen
Q000356,History of India,British Education System,Lord Macaulay
Q000357,History of India,Indian National Congress,Dadabhai Naoroji
Q000358,History of Bihar,Champaran Satyagraha,Mahatma Gandhi
Q000359,Indian Polity,Indian National Congress,C Rajagopalachari
Q000360,Indian Polity,Indian National Congress,Jawaharlal Nehru
Q000361,History of Bihar,Revolt of 1857,Kunwar Singh
Q000362,Geography,Forts,Fort William College at Calcutta
Q000363,Indian Economy,Viceroy's Decentralization,Economic Structure
Q000364,History of India,Social Reformers,Gulam Giri
Q000365,Indian Polity,Vernacular Press Act,Press Control
Q000366,Indian Economy,Trade Unions,All India Trade Union Congress
Q000367,History of India,Indian National Congress,Gaya Session 1922
Q000368,History of Bihar,Permanent Settlement,Lord Dalhousie
Q000369,History of India,Revolt of 1857,Throwing Bombs
Q000370,Indian Polity,Indian National Congress,President Gaya Session 1922
Q000371,Indian Economy,Social Reformers,Brahma Samaj
Q000372,History of India,Azad Hind Fauz (INA),Not associated with Azad Hind Fauz (INA)
Q000373,History of India,Prehistoric India,Neolithic Settlements
Q000374,History of Bihar,Champaran Satyagraha,Gandhi's Champaran Visit
Q000375,General Science,Chemistry,Organic Chemistry
Q000376,Art & Culture,Bihar Culture,Patna University
Q000377,History of India,Indian National Movement,Patna Session of Congress (1912) - Rash Bihari Ghose
Q000378,General Mental Ability & CSAT,Blood Relations,Family Relationship Puzzle - Ramakrishna Param Hansa
Q000379,Bihar Polity & Governance,Bihar Legislature,Ramakrishna Mission
Q000380,Geography,Rivers,River - Delhi (Yamuna) - Capital Shift
Q000381,History of India,Indian National Movement,Lord Kitchener - 'DO OR DIE' Slogan (1919) - Gallipoli
Q000382,Indian Economy,Agriculture,"Muslim League - Direct Action Day (August 16, 1946) - Calcutta"
Q000383,Indian Polity,Constitution,Indian National Congress - Swadeshi Sevak Home
Q000384,General Mental Ability & CSAT,Coding-Decoding,Letter Series - Pattern Recognition
Q000385,History of India,Mahajanapadas,Vedic Age
Q000386,Indian Polity,Bihar Polity & Governance,Bihar Legislature
Q000387,Geography,Rivers,Kosi River
Q000388,History of India,World War II,Allied Support
Q000389,History of India,World War II,Axis Powers Support
Q000390,History of Bihar,Social Movements,Wood's Dispatch
Q000391,History of India,British Administration,Lord Mayo
Q000392,History of India,British Administration,Lord Mayo
Q000393,History of India,British Administration,Lord Mayo
Q000394,History of India,Social Movements,Home Rule Movement
Q000395,History of India,British Expansion,Treaty of Allahabad
Q000396,History of India,Indian National Movement,Non-Cooperation Movement
Q000397,History of Bihar,Champaran Satyagraha,Mahatma Gandhi’s address to the farmers
Q000398,History of India,Indian National Congress,"List-I and List-II matching – Gopal Krishna Gokhle, Ram Mohan Roy, Keshab Chandra Sen"
Q000399,History of India,Revolt of 1857,Lord Dalhousie’s statement about the failure of the revolt
Q000400,History of India,Indian National Congress,1906 Calcutta Session – Fundamental Rights resolutions
Q000401,History of India,Revolt of 1857,"Reasons for failure – Military superiority, lack of unified program, lack of support"
Q000402,History of India,Swadeshi and Boycott,First adoption during the 1906 Calcutta Session
Q000403,History of India,Indian National Congress,Bal Gangadhar Tilak unfurled the Flag of Swaraj
Q000404,History of India,Parallel Movements,"Princely States – Kashmir, Nizam’s Hyderabad, Travancore"
Q000405,History of India,Freedom Struggle,Incorrect statement – Only upper castes took part
Q000406,History of India,Indian National Congress,The Review – Abul Kalam Azad’s journal
Q000407,History of India,History and Nationalism,Study of history created a sense of shared identity and heritage
Q000408,History of Bihar,Non-Cooperation Movement,Participation of only upper castes and rich in towns
Q000409,History of Bihar,Bihar Current Affairs,Vinoba Bhave
Q000410,History of Bihar,Champaran Satyagraha,All India Harijan Sangh
Q000411,History of India,British Expansion,British Government's decision to withdraw from India
Q000412,Geography,Rivers,Battle of Plassey
Q000413,History of India,Constitutional Development,Boundary Commissions set up by Sir Cyril Radcliffe
Q000414,History of Bihar,Sher Shah Suri,Mahalwari Settlement in Bengal
Q000415,History of India,Bharti Movement,Vinoba Bhave started individual Satyagraha
Q000416,History of India,Indian National Movement,Congress split over Montford Reforms
Q000417,Indian Polity,Constitutional Development,Cabinet Mission's objectives
Q000418,History of Bihar,Social Reforms,William Bentinck's social reforms
Q000419,History of Bihar,Annexation of Sindh,Sind was conquered and annexed by the British
Q000420,History of India,British Expansion,First Census introduced in India
Q000421,History of India,Indian National Movement,"Sukhdev, Bhagat Singh and Rajguru hanging date"
Q000422,History of Bihar,Champaran Satyagraha,Third satyagrahi of individual satyagraha launched by Mahatma Gandhi in 1940
Q000423,Current Affairs,Science & Technology,Secret radio launched during Quit India Movement
Q000424,History of India,Mahatma Gandhi,"Sukhdev, Bhagat Singh and Rajguru"
Q000425,History of Bihar,Vaishali,Jhansi ki Rani Lakshmibai's death place
Q000426,History of India,Bhagat Singh,Person who said about Bengal Partition
Q000427,History of India,Indian National Movement,Sardar Udham Singh killed
Q000428,History of India,Indian National Movement,Led the 'Bardoli Satyagraha'
Q000429,Indian Polity,Constitution,Cabinet Mission members
Q000430,Current Affairs,Indian National Movement,Gandhi-Irwin Pact year
Q000431,History of India,Indian National Movement,Complete Independence Resolution Session
Q000432,History of Bihar,Sher Shah Suri,Subhash Chandra Bose renamed Nicobar Island
Q000433,History of India,Revolt of 1857,Chauri Chaura
Q000434,History of Bihar,Champaran Satyagraha,Kingsford
Q000435,History of India,Indian National Movement,Khudiram Bose
Q000436,Indian Economy,Development,Ryotwari System
Q000437,History of India,Mauryan Empire,Ashoka
Q000438,History of India,Indian National Congress,Annie Besant
Q000439,History of India,Indian National Congress,Jayaprakash Narayan
Q000440,History of India,Indian National Congress,Lahore Session 1929
Q000441,History of India,Revolt of 1857,Mahadev Bose
Q000442,History of Bihar,Indian National Congress,Sukhbai Mehta
Q000443,History of Bihar,Revolt of 1857,Kunwar Singh
Q000444,History of India,Quit India Movement,Jayaprakash Narayan
Q000445,History of India,Indian National Movement,Ghadar Party
Q000446,History of India,Indian National Movement,Servants of India Society
Q000447,History of India,Mahajanapadas,Bankim Chandra Chatterjee
Q000448,History of India,Mahajanapadas,Round Table Conferences
Q000449,History of India,Mahajanapadas,Indian Association
Q000450,History of India,Mughal Empire,Netaji Subhash Chandra Bose
Q000451,History of India,Mahajanapadas,Chittagong Armoury Raid
Q000452,History of India,Bhakti Movement,Anandamath
Q000453,History of India,Delhi Sultanate,Forward Bloc
Q000454,Indian Economy,Development,Interim Government Finance Minister
Q000455,History of India,Revolt of 1857,Participants
Q000456,History of India,Mahajanapadas,Jawaharlal Nehru - Car Quote
Q000457,History of India,Indian National Movement,Purna Swaraj Day
Q000458,History of India,Mahajanapadas,Sarfaroshi ki Tamanna Ab Hamare Dil Mein Hai
Q000459,History of India,Buddhism,Ashoka
Q000460,History of India,Mauryan Empire,Chandragupta Maurya
Q000461,History of India,British Expansion,Dandi March
Q000462,History of India,Indian National Movement,Madam Cama
Q000463,Indian Polity,Constitution,Fundamental Rights
Q000464,History of India,Indian National Movement,Independence Day
Q000465,History of India,Indian National Movement,Parliament of Religions
Q000466,History of India,Indian National Movement,Swaraj Party
Q000467,History of India,Mahajanapadas,Neel Darpan
Q000468,History of India,Mughal Empire,Battle of Wandiwash
Q000469,History of India,Indian National Movement,Emergence of Nationalism
Q000470,History of Bihar,Sher Shah Suri,Kol Mutiny
Q000471,Geography,Rivers,Kosi River
Q000472,Indian Polity,Constitution,Separate Electorate System
Q000473,History of India,British Expansion,East India Company
Q000474,History of India,Revolt of 1857,Meerut Uprising
Q000475,History of Bihar,Munda Revolt,Baidar Naik
Q000476,History of India,Social Movements,Munda Revolt
Q000477,Art & Culture,Bhakti Movement,RSS
Q000478,Indian Polity,Indian National Congress,Bharat Ratna Recipients
Q000479,History of India,Indian National Congress,University Commission (1902) Members
Q000480,History of Bihar,Champaran Satyagraha,Mahatma Gandhi's Study
Q000481,History of India,Indian National Movement,Second Convention of the Indian National Congress
Q000482,History of Bihar,Champaran Satyagraha,Opposition to British policies
Q000483,Indian Economy,Development,Objectives of the Indian National Congress (1885) - W.C. Banerjee
Q000484,History of India,Mahajanapadas,Abhinav Bharat Society founded in London
Q000485,History of India,Quit India Movement,All India Azad Dasta at Bakri ka Tapu
Q000486,History of India,British Expansion,Muslim League's Annual Convention (1906) - London
Q000487,History of Bihar,Sher Shah Suri,Interim Government in Kabul (1915) - Germany's Support
Q000488,History of India,Bhakti Movement,Tebhaga Movement (1946) - Bengal
Q000489,History of India,Indian National Movement,Raja Mahendra Pratap Singh - Third Power (England) - Communal Differences
Q000490,History of India,Indian National Movement,Congress Socialist Party (1934) - Founding Members
Q000491,History of India,Indian National Movement,Individual Satyagraha Movement - First Satyagrahi
Q000492,History of India,Mahajanapadas,India House - Founder
Q000493,History of India,Indian National Movement,Mahatma Gandhi
Q000494,History of India,Indian National Movement,Founding of Indian National Congress
Q000495,History of India,Indian National Movement,Subhas Chandra Bose
Q000496,History of India,Indian National Movement,Bal Gangadhar Tilak
Q000497,History of India,Social Reform,Servants of India Society
Q000498,History of India,Revolutionaries,Kakori Train Robbery Case
Q000499,History of India,Indian National Movement,India for Indians
Q000500,History of India,Social Reform,Satyashodhak Samaj
Q000501,History of India,Social Reform,Annie Besant
Q000502,History of India,British Expansion,Viceroy Lord Curzon
Q000503,History of India,Social Reform,Suppression of Thugs
Q000504,History of India,British Expansion,Lord Willingdon
Q000505,History of India,Indian National Movement,Non-Cooperation Movement
Q000506,History of India,Indian National Congress,Presidents of Indian National Congress
Q000507,Indian Economy,Development,Sardarni Campaign
Q000508,History of Bihar,Sher Shah Suri,Sarabandi Campaign
Q000509,Geography,Ports,Portuguese Factories in India
Q000510,Agriculture,Ryotwari System,Thomas Munro
Q000511,History of India,Revolt of 1857,Lord Rippon's Statement
Q000512,History of India,Indian National Congress,First Indian Woman President
Q000513,Bihar Polity & Governance,Instrument of Accession,Kashmir's Accession
Q000514,General Mental Ability & CSAT,Coding-Decoding,Laik Ali
Q000515,History of India,Indian National Congress,Establishment of Indian Association
Q000516,History of India,Muslim League,Acceptance of Self-Rule
Q000517,General Mental Ability & CSAT,Coding-Decoding,NONE
Q000518,History of India,Mahajanapadas,Amravati session of the Indian National Congress in 1897
Q000519,General Mental Ability & CSAT,Development,Farmer leader Motilal Tejawat
Q000520,History of India,Mauryan Empire,Who was/were the persons related to the 'Zimmerman Plan'?
Q000521,Indian Polity,Constitution,Under whose chairmanship was the Simon Commission appointed?
Q000522,History of India,Bhakti Movement,Who started the Hindustani Seva Dal in the mid-1920s?
Q000523,History of India,Economic Impact,There was a proposal in the Bombay Plan.
Q000524,History of India,Bharti Movement,Who began the 'Faraizi Movement'?
Q000525,History of India,Social Issues,Who wrote the book ‘Poverty and Un-British Rule in India’?
Q000526,History of India,Independence and Partition,Who raised the flag of Independence at the Congress Session of 1929?
Q000527,History of India,Revolt of 1857,Which of the following was not the reason for making the sepoys of the East India Company rebellious?
Q000528,History of India,Mughal Empire,"About Mughal Emperor Bahadur Shah Zafar, it was sais that his empire extended form"
Q000529,History of India,Indian National Movement,Non-Cooperation Movement
Q000530,History of Bihar,Sher Shah Suri,Administrative Reforms
Q000531,Indian Polity,Constitution,Fundamental Rights
Q000532,Indian Economy,Banking,Reserve Bank of India
Q000533,History of India,Bengal School of Nationalists,Kesari
Q000534,Art & Culture,Social Reform Movements,Prarthana Samaj
Q000535,History of India,Indian National Movement,"The Hindu, Kesari, Bengalee, Hindustani, Sudharak"
Q000536,History of India,Revolutionary Movement,Bhagat Singh's Bomb Throwing
Q000537,History of India,Indian National Movement,Jallianwala Bagh Massacre
Q000538,Geography,Tribal Movements,Munda Rebellion
Q000539,Indian Polity,British Colonial Policies,White Man’s Burden
Q000540,History of India,Indian National Movement,Gandhi’s First Satyagraha
Q000541,History of India,Social Issues,Bhangi Mulakal
Q000542,History of Bihar,Sher Shah Suri,Administrative Reforms
Q000543,Geography,Minerals,Chromite
Q000544,History of India,Bhakti Movement,Vallabhacharya
Q000545,History of Bihar,Moplah Rebellion,1921
Q000546,History of India,Swadeshi Movement,1905-1911
Q000547,History of India,Indian National Movement,Jawaharlal Nehru
Q000548,History of Bihar,British Rule,Bombay Presidency Association
Q000549,History of India,Mahajanapadas,Imperial Cadet Corps
Q000550,History of Bihar,Sher Shah Suri,Murder of Colonel Wyllie
Q000551,Indian Polity,Constitution,Indian High Commission Act
Q000552,History of India,Indian National Congress,Round Table Conferences (1930)
Q000553,History of India,Indian National Movement,Session of Indian National Congress
Q000554,History of India,Indian National Movement,Cabinet Mission
Q000555,History of India,Mahatma Gandhi,Pamphlet 'Now or Never'
Q000556,History of India,Social Reform,Declaration of 'Sati' illegal
Q000557,History of India,British Expansion,Punjab Land Alienation Act
Q000558,Indian Polity,Union Government,Department of State
Q000559,Indian Polity,Constitutional Bodies,Muslim Mahamandal
Q000560,History of Bihar,Revolt of 1857,Leaders of the revolt in Bihar
Q000561,History of Bihar,All India Kisan Sabha,First President of All India Kisan Sabha
Q000562,History of India,Social Reform,Montague-Chelmsford Act
Q000563,History of India,British Administration,Sir Michael O’Dwyer assassination
Q000564,Indian Polity,Union Government,Prime Minister of England during Montague-Chelmsford Act
Q000565,History of India,Indian National Movement,Bal Gangadhar Tilak
Q000566,History of India,Indian National Movement,S.A. Dange
Q000567,History of India,Revolutionary Movements,Chittagong Armoury Raid
Q000568,History of India,Revolutionary Movements,Anandchetty
Q000569,History of India,Indian National Movement,Dadabhai Naoroji
Q000570,History of India,Indian National Movement,Non-cooperation Movement
Q000571,History of India,Revolutionary Movements,B.R. Ambedkar
Q000572,History of India,Constitutional Development,Cabinet Mission Plan
Q000573,History of India,Indian National Movement,Indian National Congress
Q000574,History of India,Indian National Movement,Lord Irwin
Q000575,History of India,Peasant Movements,Akhil Bhartiya Kisan Congress
Q000576,History of India,Indian National Movement,Lionel Smith
Q000577,History of India,British Expansion,Regulating Act
Q000578,History of India,British Expansion,Regulating Act
Q000579,History of India,Mahajanapadas,Sher Shah Suri
Q000580,History of India,Indian National Movement,Non-Cooperation Movement
Q000581,History of India,Indian National Movement,Non-Cooperation Movement
Q000582,History of India,Social Issues,Indian National Congress
Q000583,History of India,Social Issues,Madam Cama
Q000584,History of India,Social Issues,Tricolour Flag
Q000585,History of India,Social Issues,Pagal Panthi
Q000586,History of India,Social Issues,Faraizis
Q000587,Geography,Rivers,Ramosi Uprising
Q000588,Geography,Rivers,Waghera Uprising
Q000589,History of India,Indian National Movement,Purna Swaraj
Q000590,History of India,Indian National Movement,Dadabhai Naoroji
Q000591,History of India,Indian National Movement,Lord Morley
Q000592,History of India,Social Reform,Katherine Mayo
Q000593,History of India,Nationalist Movements,Bhagat Singh
Q000594,History of India,Indian National Movement,Subhas Chandra Bose
Q000595,History of India,Indian National Movement,1920
Q000596,History of India,Social Reform,Swami Sahajanand Saraswati
Q000597,History of India,Indian National Movement,Third Round Table Conference
Q000598,History of India,Indian National Movement,Mahatma Gandhi
Q000599,History of India,Social Reform,1909
Q000600,Indian Polity,Constitution,Number of delegates in first session of Indian National Congress
Q000601,History of India,Indian National Movement,Quit India Movement
Q000602,History of India,Constitutional Development,National Council of Education
Q000603,History of India,Mahajanapadas,Non-cooperation movement
Q000604,History of India,British Expansion,Montagu-Chelmsford Report
Q000605,History of India,Bharti Movement,Sher Shah Suri
Q000606,History of India,British Expansion,Gandhi-Irwin Pact
Q000607,History of India,Indian National Movement,Round Table Conference 1932
Q000608,History of India,Mughal Empire,Abhinav Bharat
Q000609,History of India,Indian National Movement,Do or Die
Q000610,History of India,Social Reform,Prarthana Samaj
Q000611,History of India,Renaissance,Father of Indian Renaissance Movement
Q000612,History of India,Social Reform,Founder of 'Swaraj Dal'
Q000613,History of India,Buddhism,Ashoka
Q000614,History of Bihar,Vaishali,Mahapadma Nanda
Q000615,Indian Economy,Development,Five Year Plans
Q000616,Indian Polity,Constitution,Fundamental Rights
Q000617,History of Bihar,Champaran Satyagraha,Indigo Cultivation
Q000618,History of India,Mughal Empire,Moplah Rebellion
Q000619,History of India,British Expansion,Government of India Act 1858
Q000620,Indian Polity,Panchayati Raj,73rd Amendment
Q000621,Indian Economy,Banking,RBI
Q000622,Geography,Rivers,Ganga
Q000623,Indian Economy,Agriculture,Land Reforms
Q000624,History of India,Bharti Movement,Khilafat Movement
Q000625,History of India,Indian National Movement,Jallianwala Bagh demonstration
Q000626,History of India,Indian National Movement,Inspiration for women's movement
Q000627,History of India,Indian National Movement,First protest against political reforms
Q000628,History of India,Indian National Movement,Establishment of Indian National Congress
Q000629,History of India,Indian National Movement,Founder of Forward Bloc
Q000630,History of India,Indian National Movement,First President of Indian Trade Union Congress
Q000631,History of India,Indian National Movement,Location of All India Kisan Mahasabha's first organization
Q000632,History of India,Revolt of 1857,Lucknow leadership
Q000633,History of India,Revolt of 1857,Rowlatt Act passage date
Q000634,History of India,Indian National Movement,Start date of the non-cooperation movement
Q000635,History of India,Indian National Movement,Start date of the Quit India Movement
Q000636,History of India,Revolt of 1857,Start date of the Quit India Movement
Q000637,History of India,Indian National Movement,Revolts of 1857
Q000638,History of Bihar,Sher Shah Suri,Administrative Reforms
Q000639,Art & Culture,Bhakti Movement,Mahavir Singh
Q000640,History of India,Mahajanapadas,Satyadharma
Q000641,History of India,British Expansion,Ring Fence Policy
Q000642,Indian Economy,Banking,Reserve Bank of India
Q000643,History of India,Revolt of 1857,Balwant Singh Tikait
Q000644,History of Bihar,Mughal Bihar,Shah Alam II
Q000645,General Mental Ability & CSAT,Blood Relations,Shardamani – Father of Ram
Q000646,Internal Security,Cybercrime,Enfield Rifles – Greased Cartridges
Q000647,Indian Economy,Agriculture,All India Trade Union Congress – Bombay
Q000648,History of India,British Expansion,Lord Curzon – Founding of Amrit Bazaar Patrika
Q000649,History of India,Indian National Movement,Individual Satyagraha
Q000650,History of India,Indian National Movement,Gandhi-Irwin Pact
Q000651,History of India,Indian National Movement,Mahatma Gandhi
Q000652,History of India,Indian National Movement,The Indian Statesman newspaper
Q000653,History of India,Indian National Movement,Lord Wavell
Q000654,History of India,Indian National Movement,Communal Award and Poona Pact
Q000655,History of India,Indian National Movement,S. Nijalingappa
Q000656,History of India,Indian National Movement,Jawaharlal Nehru
Q000657,History of India,Indian National Movement,Chota Hazra
Q000658,History of India,Indian National Movement,Bengal
Q000659,Geography,Soils,Ryotwari System
Q000660,History of India,Indian National Movement,INA Trials at Delhi
Q000661,Indian Economy,Bihar Economy,Indigo Movement
Q000662,Bihar Polity & Governance,Bihar Legislature,Dalits Voting Rights
Q000663,History of Bihar,Sher Shah Suri,Rebellion after Battle of Buxar
Q000664,History of Bihar,Quit India Movement,B. N. College Students
Q000665,History of Bihar,Patni Movement,Movement against Land Alienation
Q000666,History of India,British Expansion,Lord Curzon
Q000667,History of India,Indian National Movement,Frontier Gandhi
Q000668,History of India,Indian National Movement,Khalsa Diwan
Q000669,Indian Polity,Constitutional Development,Poona Pact Transfer
Q000670,Indian Economy,Development,Justice Party Dyarchy
Q000671,History of Bihar,Champaran Satyagraha,Vedaranyam Satyagraha
Q000672,History of Bihar,Quit India Movement,Champaran Satyagraha
Q000673,History of India,Indian National Movement,Jawaharlal Nehru
Q000674,History of Bihar,Bihar Polity & Governance,Jawaharlal Nehru
Q000675,History of India,Indian National Movement,Cripps Proposal
Q000676,History of India,British Expansion,Clement Attlee
Q000677,History of India,Indian National Movement,Jawaharlal Nehru
Q000678,History of Bihar,Sher Shah Suri,Report to British Government
Q000679,History of India,Indian National Movement,Fourth Session at Allahabad
Q000680,History of Bihar,Quit India Movement,"Patna, August 11, 1942"
Q000681,History of India,British Expansion,Recruiting Sergeant
Q000682,History of India,Sati Prohibition,Prohibition of Sati Act
Q000683,History of India,Social Issues,Thugs
Q000684,History of Bihar,Mahatma Gandhi,Champaran Satyagraha
Q000685,History of India,Indian National Movement,V.D. Savarkar
Q000686,History of India,British Expansion,Sir Stafford Cripps
Q000687,History of India,Constitutional Development,Indian Independence Bill
Q000688,History of India,British Administrative Policies,Constitutional Adoption
Q000689,History of India,Indian National Movement,Indian Independence Bill
Q000690,History of Bihar,Champaran Satyagraha,V.D. Savarkar
Q000691,History of India,Indian National Movement,Bitter critic of Sir Syed Ahmed Khan
Q000692,History of Bihar,Administrative Reforms,Mahatma Gandhi invited in South Africa
Q000693,History of India,Constitutional Development,Indian Universities Act
Q000694,History of India,Social Issues,Translation of Nil Darpan
Q000695,Art & Culture,Indian Culture,Translation of Nil Darpan
Q000696,History of India,Indian National Movement,V.D. Savarkar's quote
Q000697,History of India,Revolt of 1857,Eka Movement
Q000698,History of Bihar,Sher Shah Suri,Begar
Q000699,Indian Polity,Constitution,Article 370
Q000700,History of India,Bhagavad Gita,Quote by Krishna
Q000701,History of Bihar,Bihar's Role in 1857,Sher Shah Suri
Q000702,Geography,Rivers,Narmada
Q000703,History of India,Indian National Movement,Bal Gangadhar Tilak
Q000704,History of India,Swadeshi Movement,1905-1911
Q000705,Indian Polity,Union Government,Labour Party
Q000706,History of India,British Rule,Lord Hastings
Q000707,History of India,Revolt of 1857,Nana Sahib
Q000708,History of Bihar,Bihar's Role in 1857,Kunwar Singh
Q000709,History of India,Indian National Movement,Ghadar Movement
Q000710,History of India,British Expansion,Pitt's India Act
Q000711,History of India,Bhakti Movement,Bankim Chandra Chatterjee's Vande Mataram
Q000712,History of India,Indian National Movement,Subhash Chandra Bose and INA
Q000713,History of India,British Rule,Lord Curzon
Q000714,History of India,Social Reform,Gandhi's Return to South Africa
Q000715,History of India,Indian National Movement,Swaraj Party Formation
Q000716,History of India,Social Reform,Arya Samaj Foundation
Q000717,History of India,Theosophical Society,Helped by Madame Blavatsky
Q000718,History of India,Indian National Movement,Session of Indian National Congress held at Bombay
Q000719,History of India,Revolt of 1857,Meerut
Q000720,History of India,Indian National Movement,Dadabhai Naoroji's 'Purna Swaraj' Movement
Q000721,History of India,Indian National Movement,"August 8, 1942"
Q000722,Indian Polity,Indian National Movement,Gandhiji entered Indian politics
Q000723,History of India,Indian National Congress,President of Indian National Congress in 1947 AD
Q000724,History of India,Patna College,When was the Patna College established?
Q000725,History of Bihar,Formation of Bihar,When was the Bihar State formed?
Q000726,Art & Culture,Bihar Culture,World famous painting
Q000727,History of Bihar,Birsa Munda,Revolt of Birsa Munda
Q000728,History of Bihar,Sher Shah Suri,Acts
Q000729,Bihar Polity & Governance,Bihar Legislature,Acts
Q000730,Bihar Economy,Agriculture,Maize production
Q000731,Geography,Rivers,River names
Q000732,Geography,Rivers,Lychee production
Q000733,Geography,Rivers,Kosi River
Q000734,Geography,Geomorphology,Kosi Plain
Q000735,Agriculture,Major Crops,Wheat
Q000736,Agriculture,Major Crops,Rice
Q000737,Agriculture,Major Crops,Sugarcane
Q000738,History of Bihar,Sher Shah Suri,Administrative Reforms
Q000739,Art & Culture,Sufi Movement,Naqshbandi
Q000740,Geography,Physiographic Divisions,Kosa Hills
Q000741,History of Bihar,Vaishali,Kartik Purnima Fair
Q000742,Bihar Economy,Infrastructure,Hydroelectric Power Corporation
Q000743,History of Bihar,Social Issues,Dr. Rai Sahib Kunwar Singh
Q000744,History of Bihar,Economic Impact,Gareeb Hindustan
Q000745,History of Bihar,Buddhism,Vikramshila University
Q000746,Current Affairs,National,Union Budget 2024
Q000747,History of Bihar,Sher Shah Suri,Takhut Sri Harimandir Ji Patna Sahib
Q000748,History of Bihar,Bihula Festival,Champaran District
Q000749,Current Affairs,Science & Technology,Vishnupad Yojana
Q000750,History of Bihar,British Rule,Formation of Bihar and Orissa Province
Q000751,Current Affairs,Social Issues,Scheduled Caste
Q000752,Bihar Economy,Bihar Budget,Green Budget 2024
Q000753,Art & Culture,Maithili Language,Reign of Pala Dynasty
Q000754,History of Bihar,British Rule,Separation from Bengal
Q000755,History of Bihar,Administrative Reforms,Partition of Bengal
Q000756,Society,Handicrafts,Sujini
Q000757,Geography,Rivers,Kosi River
Q000758,History of Bihar,Sher Shah Suri,Sher Shah Suri's administration
Q000759,Geography,Rivers,Triveni Canal
Q000760,Geography,Soils,Kosi Plain's average height
Q000761,Bihar Economy,Population,Gaya district population
Q000762,History of Bihar,Bakasht Movement,Bakasht Movement organizers
Q000763,History of Bihar,Dutch East India Company,Dutch East India Company's establishment at Patna
Q000764,History of Bihar,Indian National Movement,Bihar Kesari – Lal Behari Dayal
Q000765,History of Bihar,Bhakti Movement,Cook who saved Gandhi's life
Q000766,Current Affairs,Current Affairs,Bihar's plan to make the state pollution-free
Q000767,History of Bihar,Quit India Movement,Tax opposed during Salt Satyagraha
Q000768,History of Bihar,Bihar Politics,Resignation of Krishna Singh Government
Q000769,History of Bihar,Champaran Satyagraha,Mahatma Gandhi
Q000770,History of Bihar,Non-Cooperation Movement,Leaders
Q000771,History of Bihar,Swaraj Dal,Founders
Q000772,History of Bihar,Governors,First Governor
Q000773,History of Bihar,Mahatma Gandhi and Bihar,Author
Q000774,History of Bihar,Churches,Oldest Church
Q000775,History of Bihar,Cities,Kumudlal Ganguly
Q000776,General Mental Ability & CSAT,Patna Women’s College,Founding Society
Q000777,History of Bihar,Railway Stations,Bhagalpur to Mirza Cheuki
Q000778,Geography,Borders,States bordering Bihar
Q000779,Geography,Mineral Production,"Pyrites, Limestone, Gold"
Q000780,Geography,Rivers,Phalgu River confluence
Q000781,Geography,District-wise Geography,North Bihar
Q000782,Geography,Rivers,Kosi River
Q000783,Bihar Economy,Industry,Tea Gardens
Q000784,Bihar Economy,Development,Urbanization
Q000785,Bihar Polity & Governance,Bihar Government Schemes,Khadi Brand Ambassador
Q000786,History of Bihar,Sher Shah Suri,Sita Mother Statue
Q000787,Geography,District-wise Geography,Champaran District
Q000788,Geography,Rivers,Kosi River
Q000789,Bihar Economy,Industry,Bird Ringing Station
Q000790,Bihar Economy,Agriculture,Vulture Conservation Plan
Q000791,History of Bihar,Magadha,Timur
Q000792,History of Bihar,Sher Shah Suri,Sidiq Khan
Q000793,History of Bihar,Bihar Polity & Governance,Bihar Revolt of 1915
Q000794,History of Bihar,Administrative Reforms,Orissa Separation
Q000795,Geography,Rivers,Kosi River
Q000796,Geography,Rivers,Gandak River
Q000797,Geography,Rivers,Telhar Kund Waterfall
Q000798,Geography,District-wise Geography,Arwal District
Q000799,Geography,Rivers,Dashpastur Lake
Q000800,Bihar Economy,Industry,Silk Industry
Q000801,Bihar Economy,Industry,Patna Silk
Q000802,Indian Economy,Development,Female Literacy Rate (2011 Census) - 66.3
Q000803,Bihar Economy,Fiscal Policy,Fiscal Deficit - 3.3% of GSDP
Q000804,Geography,District-wise Geography,"Urbanization Order - Patna, Gaya, Muzaffarpur, दरभंगा, भागलपुर"
Q000805,Bihar Polity & Governance,Bihar Government Schemes,Saat Nischay Part-2 Scheme
Q000806,Bihar Economy,Infrastructure,Irrigation water to every field
Q000807,History of Bihar,Sher Shah Suri,Azad Dasta
Q000808,Indian Economy,Fiscal Policy,Fiscal deficit in Bihar during 2021-22
Q000809,History of Bihar,Champaran Satyagraha,Mahatma Gandhi
Q000810,Geography,District-wise Geography,Women population in Bihar districts (2011 Census) – specific district name needed for accurate classification
Q000811,History of Bihar,Sasaram,First sitting of the Bihar Legislative Council
Q000812,Art & Culture,Bihar Culture,Rashmi Kumari
Q000813,Indian Economy,Development,"Digital India Award, 2020"
Q000814,Indian Polity,Constitutional Bodies,Seats reserved for SC candidates in Bihar Legislative Assembly
Q000815,Bihar Economy,Human Development,50% reservation to women in Panchayat bodies in Bihar
Q000816,History of Bihar,Formation of Bihar and Orissa Province,Division of Bihar into Jharkhand
Q000817,Geography,Rivers,Kosi River
Q000818,Bihar Economy,Bihar Budget,Human Development Sub-Mission
Q000819,History of Bihar,Champaran Satyagraha,Launch District - Saran
Q000820,History of India,Rebellions,Santhal Rebellion - 1855 AD
Q000821,History of India,Buddhism,Lord Buddha - Bodh Gaya
Q000822,History of India,Buddhism,Siddhartha Gautama - Bodh Gaya
Q000823,History of India,Revolutionary Movements,Anushilan Samiti - 1913 AD
Q000824,History of Bihar,Political Parties,Bihar Socialist Party - 1931 AD
Q000825,History of Bihar,Sher Shah Suri,Sher Shah's Tomb - Sasaram
Q000826,Geography,Rivers,Son River & Ganga Confluence - West Champaran
Q000827,Environment & Ecology,Biodiversity,Ramsar Site - Mahatma Gandhi Gram
Q000828,Geography,Geographical Features,Brahmayoni Hill - Nalanda
Q000829,Geography,District-wise Geography,Number of districts
Q000830,History of Bihar,Sher Shah Suri,First Chief Minister
Q000831,Geography,Rivers,First Congress session
Q000832,History of Bihar,Jayaprakash Narayan,Title given to him
Q000833,History of Bihar,Formation of Bihar and Orissa Province,Established
Q000834,Bihar Economy,Agriculture,Tinkathia System - Land reserved for indigo
Q000835,Bihar Economy,Industry,Ram Vilas Paswan's political party
Q000836,History of Bihar,Bihar Politicians,First Lok Sabha election
Q000837,History of Bihar,Gandhiji's Satyagraha,First Satyagraha movement in Champaran
Q000838,History of Bihar,Magadha,First capital of ancient Magadha
Q000839,History of Bihar,Vaishali,Swami Sahajanand's relation
Q000840,History of Bihar,Bhakti Movement,Gandhiji's first Satyagraha movement
Q000841,History of Bihar,Bihar Revolt of 1857,Mangal Pandey
Q000842,Geography,Tribes of Bihar,Munda Tribe
Q000843,Geography,Forest Area,Forest Percentage
Q000844,Geography,National Parks,Valmiki National Park
Q000845,Geography,Rivers,Kosi River
Q000846,Geography,Soil Types,Piedmont Swamp Soil
Q000847,Geography,Rivers,Ganga River Flow
Q000848,Bihar Polity & Governance,Bihar Government Schemes,Patna Electric Corporation
Q000849,Bihar Polity & Governance,Bihar Government Schemes,Satat Jivikoparjan Yojana
Q000850,Bihar Polity & Governance,Bihar Government Schemes,Saat Nischay
Q000851,Indian Economy,Development,Bihar Per Capita GDP 2018-19
Q000852,Current Affairs,Bihar Current Affairs,Election Commission Press Note 2020
Q000853,Bihar Polity & Governance,Bihar Government Schemes,Comprehensive Financial Management System (CFMS)
Q000854,Current Affairs,Bihar Current Affairs,"Government of India presented the Krishi Karman Award to the state of Bihar on January 2, 2020"
Q000855,Geography,Bihar,Which city of Bihar is surrounded by five hills?
Q000856,History of India,Bihar Polity & Governance,"The first President of India, Dr. Rajendra Prasad was from which state?"
Q000857,History of India,Bihar,Where was the sixteenth session of Bihari Students Conference held?
Q000858,History of India,Prehistoric India,Chirand
Q000859,History of Bihar,Buddhism,Baba Thakur Das Society
Q000860,History of Bihar,Mauryan Bihar,First Governor of Bihar
Q000861,History of Bihar,British Rule,Number of districts with population less than 10 lakh in 2011
Q000862,Agriculture,Major Crops,Cereals
Q000863,Bihar Economy,Agriculture,Fish Production
Q000864,General Mental Ability & CSAT,Number & Letter Series,Ranking & Ordering
Q000865,Bihar Economy,Agriculture,sugarcane production
Q000866,Geography,Rivers,canalirrigated area
Q000867,Bihar Economy,Human Development,rural female literacy rates
Q000868,Bihar Economy,Development,Bihar State Gross State Value Added (GSVA) 2018-19
Q000869,Bihar Economy,Infrastructure,electricity capacity 2019
Q000870,Bihar Economy,Agriculture,food grain production (Krishi Karman Award 2017-18)
Q000871,History of Bihar,Kunwar Singh,entered Jagdishpur
Q000872,History of Bihar,Bhakti Movement,Golden League established in Deoghar
Q000873,History of Bihar,Sher Shah Suri,first integrated check post established in Bihar
Q000874,History of Bihar,Yusuf Shah Chak,buried in
Q000875,Bihar Polity & Governance,Bihar Legislature,Bihar Herald started in 1875 AD
Q000876,Geography,Rivers,Yusuf Shah Chak burial site
Q000877,Geography,Rivers,Ganga River
Q000878,History of Bihar,Sher Shah Suri,Buxar Battle
Q000879,Geography,Rivers,Kosi River
Q000880,Geography,Population,Munger District
Q000881,History of Bihar,Champaran Satyagraha,Ganga Satia
Q000882,Geography,Rivers,Ganga River (Longest Stretch) – Patna
Q000883,Geography,Population,Patna District
Q000884,History of Bihar,Bhakti Movement,Bhagalpur Salt Satyagraha
Q000885,History of Bihar,Bhakti Movement,Ambari Satyagraha
Q000886,History of Bihar,Social Reform,Searchlight Newspaper – Editor
Q000887,History of Bihar,Bihar Socialist Party,Formation – 1931
Q000888,History of Bihar,Revolt of 1857,Rebellion Leaders – General”}]} 10. Patna
Q000889,History of Bihar,Bihar's Role in 1857,Mahadev Sahai
Q000890,History of Bihar,Sher Shah Suri,Administration Reforms
Q000891,History of Bihar,Champaran Satyagraha,Gandhi's involvement
Q000892,Geography,Rivers,Kosi River
Q000893,History of Bihar,Bihar Provincial Kisan Sabha,Formation
Q000894,Geography,Soils,Dharwad Geological Structure
Q000895,Geography,Minerals,Chromite
Q000896,Indian Economy,Development,NITI Aayog's Health Index 2019
Q000897,Indian Economy,Human Development,Child Sex Ratio (Census 2011) - 910
Q000898,Bihar Economy,Gross State Domestic Product (GSDP),2017-18 - 6.47 Trillion Rupees
Q000899,Bihar Polity & Governance,Important Personalities,Fagu Chauhan - Oath Administration
Q000900,History of Bihar,Bihar Day,Celebration Date - 22 March
Q000901,Geography,Rivers,Kosi River
Q000902,Bihar Polity & Governance,Bihar Administration,Patna High Court Judge Appointment
Q000903,Indian Economy,Development,RK Singh Lok Sabha Constituency
Q000904,Indian Polity,Union Government,Union Minister of State for Home
Q000905,Bihar Economy,Agriculture,Chowkidari Tax
Q000906,History of Bihar,Mughal Bihar,Geological History
Q000907,Geography,Soils,Old Alluvial Soil
Q000908,Geography,Industries,Barauni Refinery
Q000909,History of Bihar,Bhakti Movement,Farmers' Resistance
Q000910,Geography,Agriculture,Traditional Irrigation Methods
Q000911,Geography,Rivers,Kosi River and Ganga River Confluence
Q000912,Geography,District-wise Geography,Vikramshila Dolphin Sanctuary
Q000913,Bihar Economy,Bihar Budget,Bihar's per capita GSDP (2017-18) and estimate at constant prices (2011-12)
Q000914,Geography,District-wise Geography,Bihar districts per capita income 2018-19
Q000915,Bihar Economy,Bihar Budget,State revenue surplus 2018-19 vs 2017-18
Q000916,Bihar Economy,Agriculture,Coarse grains production 2017-18 and growth rate 2013-14 to 2017-18
Q000917,Bihar Economy,Agriculture,'Jeevika' self-help groups formed till September 2018
Q000918,Bihar Economy,Bihar Agriculture,Kisan Kya Kare
Q000919,Art & Culture,Bihar Culture,Motherland
Q000920,Current Affairs,Bihar Current Affairs,Patna Yuvak Sangh
Q000921,History of India,Buddhism,First Jain Council convened in Pataliputra
Q000922,History of India,Mauryan Empire,shifted his capital to Pataliputra
Q000923,History of India,Indian National Movement,Gaya Session 1922
Q000924,Bihar Polity & Governance,Bihar Current Affairs,Champaran Satyagraha
Q000925,History of Bihar,Bihar's Role in 1857,Kunwar Singh
Q000926,History of India,Indian National Movement,27th session of the Indian National Congress
Q000927,History of India,Buddhism,Mahaparinirvana of Lord Buddha
Q000928,History of Bihar,Administrative Reforms,Right of tenants on land recognized by the Bengal Tenancy Act
Q000929,History of Bihar,Bihar Economy,Bihar's Separation from Bengal
Q000930,History of Bihar,Bihar Polity & Governance,Formation of Bihar and Orissa Province
Q000931,History of Bihar,Bihar's Role in 1857,Sher Shah Suri
Q000932,History of Bihar,Bihar Economy,Bihar Socialist Party formed
Q000933,History of Bihar,Bihar's Role in 1857,Indigo Revolt
Q000934,History of Bihar,Bihar Economy,Kunwar Singh joined the rebellion of 1857 against the British
Q000935,History of Bihar,Bihar's Role in 1857,Champaran
Q000936,History of Bihar,Bihar's Role in 1857,Salt Satyagraha
Q000937,Geography,Rivers,Kosi River
Q000938,History of Bihar,Sher Shah Suri,Administrative Reforms
Q000939,Geography,Soils,Black Cotton Soil
Q000940,Geography,Rivers,Ganga River
Q000941,Geography,District-wise Geography,Patna District
Q000942,Indian Economy,Agriculture,Rice Production
Q000943,Indian Economy,Development,Jute Policy
Q000944,Indian Economy,Industries,Industrial Development
Q000945,Geography,Urbanisation,Patna City Infrastructure
Q000946,Current Affairs,Science & Technology,4G Network Availability
Q000947,Bihar Polity & Governance,Bihar Government Schemes,Sulabh Jal Project
Q000948,Indian Economy,Bihar Budget,Mukhya Mantri Kanya Utthan Yojana
Q000949,Geography,Rivers,Kosi River
Q000950,History of Bihar,Sher Shah Suri,Barh Super Thermal Power Station
Q000951,History of Bihar,Vaishali,Formation of Vaishali Mahajan
Q000952,History of Bihar,Administrative Reforms,Bihar's Administrative Reforms under British Rule
Q000953,Bihar Economy,Agriculture,Average Size of Agricultural Land Holdings
Q000954,Indian Economy,Development,Human Development Index
Q000955,Bihar Economy,Infrastructure,Electricity Consumption in Bihar
Q000956,Bihar Economy,Statistics,Road Per Capita in Bihar
Q000957,Geography,Rivers,Ghaghara River
Q000958,Geography,Climatology,Köppen Climate Classification - North Bihar
Q000959,Geography,Soils,Black Cotton Soil
Q000960,Bihar Economy,Agriculture,Soil Types in Bihar Districts
Q000961,Geography,Rivers,Triveni Canal
Q000962,History of Bihar,Buddhism,Mahavir
Q000963,Geography,Plateaus,Kaimur Plateau
Q000964,History of Bihar,Bhakti Movement,Swami Sahajanand Saraswati
Q000965,History of Bihar,Anushilan Samiti,Patna Branch (1913)
Q000966,History of Bihar,Kisan Sabha,Munger (1922-23)
Q000967,History of Bihar,Socialist Party,Bihar Socialist Party Secretary
Q000968,History of Bihar,Indian Constituent Assembly,Bihar Representatives
Q000969,History of Bihar,Bihar Cabinet,First Bihar Cabinet Head
Q000970,Geography,Patna,Patna Lawn to Gandhi Maidan
Q000971,History of India,Partition of India,Partition of Bengal Announcement
Q000972,Indian Economy,Economic Sectors,Sector Growth Rate (2005-06 to 2014-15)
Q000973,Geography,District-wise Geography,Per capita income
Q000974,Bihar Polity & Governance,Bihar Government Schemes,JEEVIKA
Q000975,Bihar Economy,Infrastructure,SPUR project
Q000976,Geography,Rivers,National Highways
Q000977,Bihar Economy,Development,Per capita energy consumption
Q000978,History of Bihar,Social Issues,Birsa Munda
Q000979,History of Bihar,Indian National Movement,Non-Cooperation Movement
Q000980,History of Bihar,Indian National Movement,Quit India Movement
Q000981,History of Bihar,Indian National Movement,All India Forward Bloc
Q000982,History of Bihar,Indian National Movement,Lawyer
Q000983,Geography,North Bihar,Odantpuri
Q000984,History of Bihar,Mughal Bihar,Muslim conqueror
Q000985,History of India,Mahajanapadas,Karnata dynasty
Q000986,History of India,Mauryan Empire,Ashoka
Q000987,History of India,Mauryan Empire,Samrat Ashoka
Q000988,History of India,Mahajanapadas,Buddhist Literature
Q000989,History of India,Bhakti Movement,Basava
Q000990,History of India,Sufi Movement,Baba Farid
Q000991,Geography,Rivers,Kosi River
Q000992,Geography,Geomorphology,Floodplains
Q000993,Geography,Population,Population Density
Q000994,Geography,Industry,Textile Industry
Q000995,Geography,Industries,Bharat Wagon and Engineering Co. Ltd
Q000996,Geography,Transport,National Highway 63
Q000997,History of India,Revolt of 1857,Santhal Revolt
Q000998,Indian Polity,Lok Sabha,Number of Members from Bihar
Q000999,Art & Culture,Bihar Culture,Unique Festivals of Bihar
Q001000,History of Bihar,Champaran Satyagraha,First Satyagraha conducted by Gandhiji
Q001001,History of India,Religious Movements,Birthplace of Guru Hargovind
Q001002,History of Bihar,Vaishali,Birthplace of Guru Tegh Bahadur
Q001003,History of India,Indian National Congress,Gaya Session of 1922 - President
Q001004,History of Bihar,Leaders,Jaiprakash Narayan (CPI) - Nickname
Q001005,Bihar Economy,Industrial Areas,Dalmia City - Famous for
Q001006,Geography,Forests,Forest Area in Bihar (Square Meters) - Approximate Value
Q001007,Geography,Location and Boundaries,Easternmost City in Bihar - Name
Q001008,Geography,Lakes,Lakes Located in Bihar - Name
Q001009,History of Bihar,Bihar Current Affairs,non-cooperation movement of 1920-22
Q001010,History of Bihar,Important Personalities,"Swami Vidyananda, Swami Sahajanand, Sardar Vallabh Bhai Patel"
Q001011,History of Bihar,Bihar during Non-Cooperation,Rahul Sankrityayan
Q001012,Indian Polity,Constitution,Article
Q001013,History of Bihar,Champaran Satyagraha,Rahul Sankrityayan
Q001014,History of Bihar,Bihar's Role in 1857,efforts of the session
Q001015,History of Bihar,Indian National Congress,27th session held in Hazaribagh
Q001016,History of Bihar,Indian National Congress,16th session held in Hazaribagh
Q001017,History of Bihar,Important Personalities,editor of 'Bihari' newspaper
Q001018,History of Bihar,Important Personalities,Rajkumar Shukla's village
Q001019,History of Bihar,Important Personalities,Nivaranchandra Dasgupta
Q001020,History of Bihar,Important Personalities,Kunwar Singh's king
Q001021,History of Bihar,Bihar's Role in 1857,Kunwar Singh
Q001022,Indian Economy,Development,Mahatma Gandhi National Rural Employment Guarantee Act
Q001023,Geography,Rivers,Kosi River
Q001024,Geography,District-wise Geography,Patna District
Q001025,Geography,Rivers,Kosi River
Q001026,Geography,North Bihar,Sone River
Q001027,Geography,Transport,National Highway-2 (NH-2) - Patna
Q001028,Geography,Industries,Patna International Airport - Air Services
Q001029,Geography,Transport,Bihar - Air Services
Q001030,Bihar Economy,Bihar Budget,1993-94 BPL Estimation
Q001031,History of Bihar,Sher Shah Suri,Administrative Reforms
Q001032,Bihar Economy,Infrastructure,Bihar Industrial Area Development Authorities
Q001033,Indian Economy,Bihar Economy,Bihar Budget
Q001034,History of Bihar,Sher Shah Suri,Administrative Reforms
Q001035,Indian Economy,Development,Human Development Index
Q001036,Indian Economy,Bihar Economy,Development expenditure
Q001037,Bihar Economy,Agriculture,Main Crops
Q001038,Indian Economy,Bihar Economy,Expenditure
Q001039,History of Bihar,Champaran Satyagraha,First Satyagraha movement
Q001040,History of Bihar,Buddhism,Bodhi Tree
Q001041,Geography,North Bihar,Vishwa Shanti Stupa
Q001042,History of Bihar,Mauryan Bihar,Nava Nalanda Mahavihar
Q001043,History of Bihar,Vaishali,World's first republic
Q001044,History of Bihar,Sher Shah Suri,Administrative Reforms
Q001045,Geography,Rivers,Kosi River
Q001046,History of Bihar,Administration,Permanent Settlement
Q001047,Indian Economy,Agriculture,Total Sown Land
Q001048,Indian Economy,Development,Human Development Index
Q001049,Indian Economy,Population,2001 Census Population of Bihar
Q001050,History of Bihar,Administrative Reforms,Largest Populous State
Q001051,History of Bihar,Sher Shah Suri,Zone Headquarters at Hajipur
Q001052,History of India,Mughal Empire,Iltutmish
Q001053,History of Bihar,Revolt of 1857,Attempt to assassinate King's Ford in Muzaffarpur
Q001054,History of India,Mughal Empire,Akbar merged Bengal and Bihar
Q001055,History of Bihar,Revolt of 1857,Jagdishpur revolutionaries
Q001056,History of India,Mughal Empire,Shah Alam II granted Diwani to East India Company
Q001057,History of Bihar,Bihar's Role in 1857,Revolt of 1857
Q001058,History of Bihar,Sher Shah Suri,Administrative Reforms
Q001059,History of Bihar,Dr. Rajendra Prasad,Imprisonment during 1942 movement
Q001060,History of Bihar,Champaran Satyagraha,Gandhi
Q001061,History of Bihar,Birsa Munda,Area of work
Q001062,History of Bihar,Bihar Administration,Founder of Pataliputra
Q001063,Indian Polity,Bihar Legislature,Bihar Socialist Party
Q001064,History of Bihar,Revolt of 1857,Leader
Q001065,Bihar Economy,Permanent Settlement,Prevalent form
Q001066,Geography,Rivers,Founder of Pataliputra
Q001067,Bihar Economy,Agriculture,Agro-climatic zones
Q001068,Geography,Floods,Flood area and waterlogged land
Q001069,Geography,Rivers,Kosi River
Q001070,Bihar Economy,Agriculture,Total Fertility Rate
Q001071,History of Bihar,Champaran Satyagraha,Population Density
Q001072,General Mental Ability & CSAT,Coding-Decoding,National Highway Features
Q001073,Bihar Economy,Development,Birth Rate (2002) - Data
Q001074,Bihar Economy,Minerals,Coal Reserves (2003) - Million Tonnes
Q001075,Bihar Economy,Agriculture,Agricultural Workers Ratio
Q001076,Geography,Minerals,Mica Production - State
Q001077,History of Bihar,Sher Shah Suri,Poppy Production - British Rule
Q001078,History of Bihar,Sher Shah Suri,Santhal Defeat (1855 AD) - Commander
Q001079,History of Bihar,Revolt of 1857,Babu Kunwar Singh - Death Year
Q001080,History of Bihar,Hindustan Socialist Republican Army,Revolutionary - Name
Q001081,History of India,Indian National Movement,Delhi Session of 1947 Indian National Congress
Q001082,History of Bihar,Champaran Satyagraha,1922 session of Indian National Congress
Q001083,Bihar Economy,Agriculture,Cow Slaughter Ban
Q001084,Indian Polity,Union Government,Governor of Bihar
Q001085,History of Bihar,Sher Shah Suri,First Non-Congress Chief Minister
Q001086,Bihar Economy,Human Development,Rural Literacy Rate of Bihar
Q001087,Bihar Economy,Infrastructure,Jharkhand as Part of Bihar
Q001088,Bihar Economy,Industries,Teenkathiya System
Q001089,Bihar Economy,Agriculture,Loknayak
Q001090,Bihar Economy,Bihar Budget,Teenkathiya System
Q001091,Indian Economy,Development,Saat Nischay Yojana Campaign
Q001092,Bihar Economy,Fiscal Policy,Fiscal Deficit of Bihar 2021-22
Q001093,History of Bihar,Important Personalities,Ali Gauhar
Q001094,Geography,Rivers,Kosi-Mechi River System
Q001095,Geography,Soils,Black Cotton Soil
Q001096,Geography,District-wise Geography,Araria District
Q001097,Geography,District-wise Geography,Jamui District
Q001098,Bihar Economy,Industry,Textile Industry
Q001099,Geography,Population,Population Growth Rate
Q001100,Bihar Economy,Industry,Kahalgaon Textile Center
Q001101,History of Bihar,Social Movements,Kisan Sabha Movement (1929) - Ali Gauhar
Q001102,History of Bihar,Administrative Reforms,Aliwardi Khan - Deputy Governor
Q001103,Geography,Geomorphology,River Basins - Border with Jharkhand
Q001104,Geography,Geomorphology,Kosa River Basin
Q001105,Geography,Rivers,Diara
Q001106,Bihar Economy,Agriculture,Geographical Indications
Q001107,Geography,Rivers,Son River
Q001108,Bihar Economy,Demography,Scheduled Tribes
Q001109,Bihar Economy,Agriculture,Organic Corridor Scheme
Q001110,Indian Economy,Development,Population Statistics
Q001111,Bihar Polity & Governance,District-wise Geography,Literacy Rate
Q001112,Bihar Economy,Industry,Litchi Production
Q001113,History of Bihar,Sher Shah Suri,Kapilaansh Metal Industry
Q001114,Bihar Economy,Industry,Sudha Cooperative
Q001115,History of Bihar,Social Issues,Kapilaansh Metal Industry
Q001116,Bihar Economy,Agriculture,Litchi Production
Q001117,History of Bihar,Bhakti Movement,Ravidas
Q001118,History of Bihar,Boycott and Swadeshi movement,Golden League
Q001119,History of Bihar,Newspapers,First English newspaper published from Patna
Q001120,History of Bihar,Birsa Munda,Incarnation
Q001121,Agriculture,Indigo Cultivation,Compensation tax
Q001122,Geography,Schools,First Zila school opened in 1835
Q001123,History of Bihar,Dr. Rajendra Prasad,Previous post
Q001124,History of Bihar,1857 Revolt,Local leader of Rajgir Pargana
Q001125,History of Bihar,Diwani Grant,Shah Alam-II and East India Company
Q001126,History of Bihar,Gaurakshini meetings,Establishment during British rule
Q001127,History of Bihar,Bankipur Meeting,Delegate fee reduction
Q001128,History of Bihar,"Government of India Act, 1935",Seats for Bihar in Upper House
Q001129,History of Bihar,Administrative Reforms,Legislative Assembly Elections 1937
Q001130,History of Bihar,Mauryan Bihar,Cabinet Mission Plan
Q001131,Indian Polity,Union Government,Chief Ministers of Bihar
Q001132,Indian Polity,Union Government,Present Chief Secretary of Bihar
Q001133,Geography,Rivers,Kosi River
Q001134,Geography,Industries,Barauni Oil Refinery Capacity
Q001135,Geography,Rivers,District-wise Population Density
Q001136,Geography,Soils,Population Density of Bihar Districts
Q001137,Bihar Economy,Human Development,Literacy Rate in Bihar
Q001138,Geography,Climate,Average Annual Rainfall of Bihar
Q001139,Geography,Rivers,Longitude Lines passing through Bihar
Q001140,Geography,Rivers,Longitude Lines passing through Bihar
Q001141,History of India,Indian National Movement,Mahatma Gandhi
Q001142,History of India,Indian National Movement,Congress Socialist Party
Q001143,History of India,Social Movements,Direct Action Plan
Q001144,History of Bihar,Champaran Satyagraha,Muslim League's Direct Action Plan
Q001145,History of India,Indian National Movement,Jayaprakash Narayan
Q001146,History of Bihar,Jharkhand Movement,Jharkhand Movement Started
Q001147,History of Bihar,Bihar Government,Minister Removal July 2004
Q001148,Indian Polity,Constitution,Constitutional Amendment
Q001149,Indian Polity,Union Government,Speaker of Lok Sabha
Q001150,Indian Polity,Judiciary,Electoral College President
Q001151,Indian Polity,Constitution,Article 352
Q001152,Indian Polity,Constitution,Article 368
Q001153,Indian Polity,Constitution,Article 77
Q001154,History of Bihar,Sher Shah Suri,Portfolio held during interim government of 1946
Q001155,Indian Polity,Constitution,Schedule 11
Q001156,Indian Polity,Panchayati Raj,System of governance
Q001157,Indian Polity,Judiciary,Power of Supreme Court
Q001158,Bihar Economy,Land Revenue,Maximum size of land holding
Q001159,Indian Polity,Constitution,Article 71
Q001160,Indian Polity,Budget,Article 112
Q001161,Indian Polity,International Treaties,Article 73
Q001162,History of Bihar,Anglo-Indian Community,Right to stay in India
Q001163,History of Bihar,Bihar Legislative Council,First elected Chairman
Q001164,Indian Polity,Citizenship,Rights of British Citizens in India
Q001165,Indian Polity,Constitution,Article 243J
Q001166,History of India,Mauryan Empire,Ashoka
Q001167,Current Affairs,Science & Technology,Shompen Tribe
Q001168,Indian Polity,Constitution,Article 113
Q001169,Indian Polity,Parliamentary Procedure,Cut Motion
Q001170,Indian Polity,Representation of Minorities,Anglo-Indian Community
Q001171,Indian Polity,President of India,Speaker of Lok Sabha
Q001172,History of India,Preamble to the Constitution,Adoption Date
Q001173,Indian Polity,Council of Ministers,Restriction on Size
Q001174,Indian Polity,Governor's Powers,Return of Bills
Q001175,Indian Polity,Disqualification of Members,State Legislative Assembly
Q001176,Indian Polity,Scheduled Tribes,Criteria for Declaration
Q001177,Indian Polity,Constitution,Article 342
Q001178,History of Bihar,Champaran Satyagraha,Untouchability Abolition
Q001179,Indian Polity,Union Government,Number of Judges in High Court
Q001180,Indian Polity,Directive Principles,Fifth Schedule
Q001181,Indian Economy,Development,Basic Structure Doctrine
Q001182,General Mental Ability & CSAT,Parliamentary Procedure,Article 120(1) and Language Use
Q001183,Indian Polity,Amendments to Constitution,42ⁿd Amendment - Fundamental Duties
Q001184,Indian Polity,Article 360,Consequences of Financial Emergency
Q001185,Indian Economy,Development,Directive Principles - Borrowing from Constitution
Q001186,History of Bihar,Sikkim,Statehood
Q001187,Society,Consumer Protection,Consumer Disputes Redressal - District Level
Q001188,Indian Polity,Panchayati Raj Institutions,Panchayat Samiti Operation Level
Q001189,Indian Polity,Constitution,Article 14
Q001190,Indian Polity,Union Government,Council of Ministers
Q001191,History of India,Mahajanapadas,Magadha
Q001192,Indian Polity,State Government,Council of Ministers
Q001193,Indian Polity,Panchayati Raj,Decentralization of powers
Q001194,Indian Polity,Constitution,Representation in Rajya Sabha
Q001195,Indian Economy,Development,Supreme Court of India
Q001196,Bihar Economy,Agriculture,Minimum age for Panchayati Raj institutions
Q001197,History of Bihar,Sher Shah Suri,Labor Department in 1946 cabinet
Q001198,History of India,Constituent Assembly,Dr. Rajendra Prasad elected as Chairman
Q001199,Indian Polity,Elections,16th Vice President election in 2022 electoral college size
Q001200,Indian Polity,President of India,Re-election eligibility
Q001201,Indian Polity,Constitution,Lok Sabha Sessions
Q001202,Indian Economy,Development,Budget Session Characteristics
Q001203,Indian Polity,Constitution,Article Amendment Requirements
Q001204,Geography,States,States with Panchayat System
Q001205,Current Affairs,Science & Technology,Delimitation Commission Freeze Year
Q001206,Indian Polity,Supreme Court,Nature of Supreme Court
Q001207,Indian Polity,Parliamentary Committees,Delegation of Rules Making Power
Q001208,Indian Polity,Constitution,Article 300 – Lokpal
Q001209,Indian Polity,Judiciary,Supreme Court Judicial Process
Q001210,Indian Polity,Constitution,Constitutional Provisions
Q001211,Indian Polity,Panchayati Raj,First Lokayukta State
Q001212,General Mental Ability & CSAT,Coding-Decoding,Post held by A.S. Anand
Q001213,Indian Polity,Constitution,Article 113
Q001214,Indian Economy,Fiscal Policy,Demands for Grants
Q001215,History of Bihar,Sher Shah Suri,National Extension Service
Q001216,Indian Polity,State Legislative Council,Composition of Members
Q001217,Indian Economy,Administrative Reforms,Split System
Q001218,Indian Economy,Development,Finance Commission
Q001219,History of Bihar,Rajendra Prasad,Interim Government
Q001220,Indian Economy,Economic Sectors,Characteristics of Decentralization
Q001221,History of India,Act – Government of India Act 1935,Landmark in Constitution Development
Q001222,Indian Polity,Election Commission of India,Article related to Establishment
Q001223,General Mental Ability & CSAT,Ethics & Integrity,Rule of Law
Q001224,Indian Polity,Panchayati Raj Institutions,Article 243 – Functions of PRIs
Q001225,Indian Polity,Constitution,Constitutional Amendment Bill
Q001226,Indian Polity,Judiciary,Prevention of cruelty to animals
Q001227,History of India,Mahajanapadas,First meeting of the Constituent Assembly
Q001228,Indian Polity,Union Government,Electoral College' for the election of the President of India
Q001229,Indian Polity,Finance Bills,Definition of Money Bill under Article 110
Q001230,Indian Economy,Development,Indra Sawhney vs Union of India case
Q001231,Indian Polity,Political Parties,Percentage of votes to be recognized as National Party
Q001232,Indian Polity,Parliamentary Procedure,Object of ‘cut motion’
Q001233,Indian Polity,Parliamentary Procedure,Match List – I with List – II
Q001234,Indian Polity,Form of Government,Parliamentary form of Government
Q001235,Indian Polity,Constitutional Bodies,Panchayati Raj system
Q001236,Geography,Land Records,Land Records Officer
Q001237,Indian Polity,Constitution,Constitutional Bodies
Q001238,Indian Polity,Union Government,Aam Aadmi Party
Q001239,Indian Polity,Constitutional Remedies,Postmortem
Q001240,Indian Polity,Order of Precedence,Indian Order of Precedence
Q001241,Indian Polity,National Human Rights Commission,Number of Members
Q001242,Indian Polity,Constitutional Amendments,103rd Constitutional Amendment
Q001243,Indian Polity,Human Rights Protection,Increase in Members
Q001244,Indian Polity,Lokpal,Lokpal of India
Q001245,Indian Polity,Triple Talaq Bill,Maximum Jail Sentence
Q001246,Indian Polity,Constitutional Amendments,"Triple Talaq Bill, 2019"
Q001247,History of Bihar,Sasaram,Formation of Manipur State
Q001248,Indian Polity,Constitutional Provisions,Article 35-A and Article 370
Q001249,Indian Polity,Constitution,Election of the President
Q001250,Indian Polity,Union Government,President of India
Q001251,Indian Economy,Development,Banking Services Bill
Q001252,Indian Polity,Constitution,Article 243-P
Q001253,Indian Polity,Local Government,Panchayati Raj
Q001254,Indian Polity,Legislature,Special Election
Q001255,Indian Polity,Constitution,Constitutional Status of Panchayati Raj
Q001256,Indian Economy,Development,Community Development Program
Q001257,Indian Polity,Local Government,Panchayat Elections
Q001258,Indian Polity,Supreme Court,Resignation of a Judge
Q001259,Indian Polity,Supreme Court,Letter to the Chief Justice
Q001260,Indian Polity,Backward Classes Commission,First Chairman
Q001261,Indian Polity,Constitution,Age Limit for Lok Sabha Members
Q001262,Indian Polity,Union Government,Appointment of Governor
Q001263,History of India,Mauryan Empire,Ashoka
Q001264,Indian Polity,President,Role of the President
Q001265,Indian Polity,Judiciary,Governor General
Q001266,Indian Polity,Constitution,Article 243
Q001267,Indian Polity,Finance Commission,Formation of Finance Commission
Q001268,Indian Polity,Union Government,Appointment of Attorney General
Q001269,Indian Polity,Constitution,Article 74
Q001270,History of India,Reorganization of States,1956
Q001271,Indian Polity,Local Government,Functions of Panchayati Raj
Q001272,Indian Polity,Constitution,Article 73
Q001273,Indian Polity,Constitution,Reservation for Women in Panchayati Raj Institutions
Q001274,Indian Polity,Union Government,Money Bill
Q001275,Indian Polity,Constitution,Nature of Indian Constitution
Q001276,Indian Polity,Judiciary,Appointment of Supreme Court Judges
Q001277,Indian Polity,Union Government,Chairman of Rajya Sabha
Q001278,Indian Polity,Union Government,Responsibility of Prime Minister
Q001279,Indian Polity,Constitution,Minimum Age for Member of Parliament
Q001280,Indian Polity,Constitution,Retirement Age of Supreme Court Judges
Q001281,Indian Polity,Judiciary,Highest Civil Services Officer
Q001282,Indian Polity,Union Government,Officer with Right to Participate in Parliament
Q001283,Indian Polity,Directive Principles,Directive Principles of State Policy
Q001284,Indian Polity,Parliament,Vote on Account
Q001285,Indian Polity,Constitution,Fundamental Rights
Q001286,Indian Polity,Union Government,Attendance of Members of Parliament
Q001287,Indian Polity,Supreme Court,Fundamental Rights – Flag Hoisting
Q001288,Indian Economy,Development,Human Development Index
Q001289,Indian Polity,Panchayati Raj,Panchayat Samiti – Block Level
Q001290,Indian Polity,Constitution,Amendment – Socialist Introduced
Q001291,Indian Polity,List of the Constitution,"Match the Lists – Union, State, Concurrent"
Q001292,Indian Polity,Constitutional Amendment,Majority Required
Q001293,Indian Polity,Executive,Powers of the President
Q001294,Indian Polity,Constitutional Commission,Decentralization System – Recommended by
Q001295,Indian Polity,Human Rights,Human Rights – Also a Fundamental Right
Q001296,Indian Polity,Education,Right to Education – Added by Amendment
Q001297,Indian Polity,Constitution,Fundamental Rights
Q001298,Indian Polity,Union Government,Rajya Sabha Members
Q001299,History of India,Buddhism,Ashoka's Dhamma
Q001300,Indian Economy,Development,Five Year Plans
Q001301,Indian Polity,Judiciary,Public Accounts Committee
Q001302,Indian Polity,Constitution,Article 21
Q001303,Indian Polity,Union Government,National Security Committee
Q001304,Indian Polity,Constitution,Article 352
Q001305,Indian Economy,Development,Five Year Plans
Q001306,Indian Polity,State Government,Head of State
Q001307,Indian Polity,Panchayati Raj,Constitutional Head
Q001308,Indian Polity,Constitutional Bodies,Ashok Mehta Committee
Q001309,Indian Polity,Constitution,Legislative Process
Q001310,Indian Polity,Union Government,Rajya Sabha Tenure
Q001311,Society,Civil Servants,Resignation Letter
Q001312,Indian Polity,Parliament,Participation of Non-Members
Q001313,Indian Polity,Constitution,Fundamental Duties – Constitutional Amendment
Q001314,Indian Economy,Development,Scheduled Languages – Constitution
Q001315,General Mental Ability & CSAT,Coding-Decoding,Arrangement of Words
Q001316,Indian Polity,Parliament,Presiding Officer – Non-Member
Q001317,Indian Polity,Constitution,Voting Age Reduction – Constitutional Amendment
Q001318,Indian Polity,Union Government,President – Vacancy
Q001319,Bihar Polity & Governance,Bihar Legislature,Panchayat Samiti
Q001320,Indian Polity,Union Government,Prime Minister – Head of
Q001321,Indian Polity,Constitution,Fundamental Rights
Q001322,Indian Polity,Union Government,Removal of President
Q001323,Indian Polity,Federalism,Concurrent List
Q001324,Indian Economy,Development,Planning Commission
Q001325,Current Affairs,Pala Dynasty,Establishment of Panchayati Raj
Q001326,Current Affairs,Science & Technology,Chandrayaan-2
Q001327,Bihar Polity & Governance,Panchayati Raj,Rajasthan
Q001328,Indian Polity,Panchayati Raj,Decision Making
Q001329,Indian Polity,Constitution,Article 19
Q001330,Indian Polity,Constitution,Secularism
Q001331,Indian Polity,Constitutional Bodies,Forty-Second Amendment Act
Q001332,Indian Polity,Union Government,Governor of Jammu and Kashmir
Q001333,Indian Polity,Constitution,Right to constitutional remedies
Q001334,Indian Polity,Union Government,Official language of the Union
Q001335,Indian Polity,Emergency Provisions,Period for which declaration of emergency can be limited
Q001336,Indian Polity,Union Territories,Appointment of Chief Minister of a Union Territory
Q001337,Indian Polity,Parliament,Control of expenditure of the Parliament
Q001338,Indian Polity,Constitutional Remedies,Origin of Public Interest Litigation
Q001339,Indian Polity,Writs,Applicability of writs against illegal detention
Q001340,Indian Polity,Constitutional Provisions,Amendment of constitutional provisions
Q001341,Indian Polity,Supreme Commander,Supreme Commander of the Indian Defense Force
Q001342,Indian Polity,Executive Head,Executive head of the state government
Q001343,Indian Polity,Panchayati Raj Institutions,Subjects under Eleventh Schedule
Q001344,Indian Polity,Constitutional Provisions,Provision for amendment of constitutional provisions
Q001345,Indian Polity,Fundamental Rights,Removal of Right to Property
Q001346,History of India,Mauryan Empire,Ashoka
Q001347,Geography,States,Jharkhand
Q001348,Indian Polity,Constitution,Union of States
Q001349,Indian Polity,Constitutional Amendments,Socialist and Secular
Q001350,Indian Polity,Constitution,Number of Articles
Q001351,History of India,Federalism,United States of America
Q001352,Indian Polity,Panchayati Raj,17th Amendment
Q001353,Indian Polity,Preamble,Socialist and Secular
Q001354,Geography,Rivers,Son River
Q001355,Geography,Rivers,Tropic of Cancer
Q001356,Geography,Rivers,Yamuna and Son River
Q001357,Geography,Rivers,Kosi River
Q001358,Indian Economy,Development,Green Revolution
Q001359,Bihar Economy,Industry,Steel Plants
Q001360,Geography,Climate,Literacy Rate
Q001361,Geography,Rivers,Snow-line Height
Q001362,Geography,Rivers,Divi Island (River Name)
Q001363,Geography,Rivers,Kaveri River
Q001364,Geography,Mountain Ranges,Garo Hills
Q001365,Indian Economy,Industries,Oil Refineries
Q001366,Geography,States,Boundary with Madhya Pradesh
Q001367,Geography,Ports,Artificial Ports
Q001368,Geography,Mountain Ranges,Sequence of Mountain Ranges
Q001369,Geography,Rivers,Zoji-la Tunnel
Q001370,Geography,Rivers,Different Rivers
Q001371,Geography,Rivers,Drainage System of Bihar
Q001372,Geography,Districts,Scheduled Tribe Population - 2011 Census
Q001373,Indian Economy,Development,Coal Reserves - States
Q001374,Indian Economy,Development,Sex Ratio - Bihar 2011 Census
Q001375,Agriculture,Major Crops,Zaid Crops
Q001376,General Science,Biology,Gangetic Dolphin - IUCN Status & Features
Q001377,Geography,Rivers,River Gandak
Q001378,Geography,Biodiversity,Andaman and Nicobar Islands
Q001379,Indian Polity,Constitution,Statements - Correct
Q001380,Geography,Plateaus,Tropic of Cancer & Indian Standard Time Line Intersection
Q001381,Geography,Rivers,Kosi River
Q001382,History of Bihar,Vaishali,Mahaparinirvana of Buddha
Q001383,Environment & Ecology,Biodiversity,World Wildlife Fund
Q001384,Geography,Oceanography,Coral Reefs
Q001385,Geography,Rivers,Myanmar Border States
Q001386,Geography,Oceanography,Andaman and Nicobar Islands
Q001387,Geography,Rivers,Indus River Valley
Q001388,Indian Economy,Agriculture,Sugar Industry
Q001389,Geography,Climate,Monsoon Showers
Q001390,Art & Culture,Buddhism & Jainism,Monsoon Season in Kerala
Q001391,Environment & Ecology,Biodiversity,Project Tiger
Q001392,Geography,Soils,Karewas
Q001393,Geography,Rivers,Damodar River
Q001394,History of Bihar,Sher Shah Suri,First Coal Mine
Q001395,Indian Economy,Development,Scheduled Tribes
Q001396,Geography,Rivers,Pattiseema Project
Q001397,Geography,Geomorphology,Combustion of Underground Coal
Q001398,Geography,Rivers,Mica Deposits
Q001399,Geography,Rivers,"Damodar, Koel, and Subarnarekha Origin"
Q001400,Geography,Rivers,Comparison of Himalayan and Peninsular Rivers
Q001401,Geography,Landforms,Ganga Plain
Q001402,General Science,Physics,Fresh Water Lake
Q001403,General Science,Physics,Planet Density
Q001404,General Science,Earth Science,Chiria Feature
Q001405,Geography,Rivers,Zanskar Range
Q001406,Indian Economy,Development,Pradhan Mantri Jan Dhan Yojana
Q001407,Indian Economy,Agriculture,Coffee
Q001408,Geography,Districts,Madhya Pradesh
Q001409,Geography,Wildlife Sanctuaries,Odisha
Q001410,Indian Economy,Minerals,Bauxite
Q001411,Geography,Mining,Khetri Mines
Q001412,Indian Polity,External Affairs,Free Movement Regime
Q001413,Geography,Rivers,Indus River
Q001414,Geography,Rivers,Chambal River
Q001415,Geography,Regions,Bastar Region
Q001416,Geography,Regions,Bharmour
Q001417,Geography,Rivers,Ganga River Valley
Q001418,History of Bihar,Sher Shah Suri,Administrative Reforms
Q001419,Geography,Rivers,Kosi River
Q001420,Geography,Geomorphology,Himalayan Hills
Q001421,Indian Economy,Agriculture,Cattle Breeds
Q001422,Geography,Physiographic Divisions,Western Ghats
Q001423,Indian Economy,Minerals,Tea Plantations
Q001424,Geography,Soils,Dense Deciduous Forest Cover
Q001425,Geography,Rivers,Coral Reefs
Q001426,Indian Economy,Development,Literacy Rate
Q001427,Society,Tribes,Tribe-State Matching
Q001428,Indian Economy,Industrial Corridors,Japan Collaboration
Q001429,Geography,Minerals,Chromite
Q001430,History of India,Mauryan Empire,Chandragupta Maurya
Q001431,Geography,Rivers,Jhelum River
Q001432,Geography,Geomorphology,Deccan Traps
Q001433,Geography,Forests,Western Ghats
Q001434,Geography,Forests,Tropical Rainforests
Q001435,Geography,Soils,Black Cotton Soil
Q001436,Indian Polity,Constitutional Bodies,Parliament of India
Q001437,Geography,Passes,Rohtang Pass
Q001438,Geography,Soils,Karewas Soil
Q001439,Indian Economy,Agriculture,Sugarcane
Q001440,Geography,Minerals,Iron Ore
Q001441,Geography,Rivers,Kosi River
Q001442,Indian Economy,Development,Human Development Index
Q001443,Indian Economy,Agriculture,Cotton Production
Q001444,Geography,Soils,Black Cotton Soil
Q001445,Geography,Soils,Alluvial Soil
Q001446,Indian Economy,Development,Hydropower Production
Q001447,Indian Economy,Development,Census 2011
Q001448,Indian Economy,Industry,Cotton Mills (Tamil Nadu)
Q001449,Indian Economy,Agriculture,Rubber Production
Q001450,Geography,Rivers,National Waterway-1
Q001451,History of Bihar,Sher Shah Suri,Khetri Belt
Q001452,Indian Economy,Industry,Khetri Belt (Rajasthan) - Copper
Q001453,Bihar Polity & Governance,Bihar Statistics,Census 2011 Sex Ratio
Q001454,Geography,Industries,Cotton Textile Mills
Q001455,History of Bihar,Bihar Polity & Governance,Census 2011
Q001456,General Mental Ability & CSAT,Coding-Decoding,Matching
Q001457,Geography,Rivers,Golden Quadrilateral
Q001458,Geography,Geomorphology,Eastern Ghats
Q001459,Geography,Rivers,River Ganga
Q001460,Geography,Industries,Copper Industry
Q001461,Geography,Rivers,Alaknanda and Bhagirathi
Q001462,Geography,Rivers,River Ganga
Q001463,Geography,Minerals,Bailadila Iron Ore
Q001464,Geography,Rivers,Bay of Bengal Drainage System
Q001465,Geography,Rivers,Yarlung Tsangpo River
Q001466,Geography,Climatology,driest station
Q001467,Indian Economy,Development,Human Development Index
Q001468,Geography,Rivers,Nagarjuna Sagar Multipurpose Project
Q001469,Geography,Industries,Jharia coal mines
Q001470,Indian Economy,Human Development,infant mortality rate
Q001471,Indian Economy,Development,agricultural land
Q001472,Geography,States,iron ore endowment
Q001473,Geography,Cities,not situated on the banks of river Ganga
Q001474,Geography,Minerals,coal mines located in Jharkhand
Q001475,Geography,States,order of area largest states of India
Q001476,Indian Economy,Development,Development schemes
Q001477,Geography,Rivers,Kosi River
Q001478,Indian Economy,Development,Scheduled Caste Population
Q001479,Indian Economy,Basic Economics,Population of Bihar (2001 Census) - Total
Q001480,Indian Economy,Basic Economics,Total Population of India (2001 Census) - Total
Q001481,Geography,Indian States,Bhil Caste Distribution
Q001482,Geography,Indian States,Scheduled Caste Population - India
Q001483,Geography,Rivers,Dakshin Gangotri - Location
Q001484,Geography,Rivers,Amazon River - Largest River of South America
Q001485,Geography,Indian States,Largest States of India - Area Order
Q001486,Geography,Indian States,Ranchi City - Location
Q001487,Indian Economy,Agriculture,Irrigation Potential - Percentage (2001 Census) - Kosi River
Q001488,Geography,Rivers,Rainfall - Source State
Q001489,Geography,Climatology,High water waves generated in the ocean due to?
Q001490,Geography,Geography,Solar eclipse
Q001491,Geography,Geography,shortest day
Q001492,Geography,Geography,Indian Ocean earthquake of 2004 and the resulting tsunami
Q001493,Geography,Geography,ridge
Q001494,Geography,Geomorphology,Kashmir Valley
Q001495,Geography,Industries,Location of Iron and Steel Plants
Q001496,Geography,Disasters,Flood
Q001497,Indian Economy,Basic Economics,2001 Census Literacy
Q001498,Indian Economy,Basic Economics,Urban Population
Q001499,Bihar Polity & Governance,Bihar Economy,Literacy Rate
Q001500,Geography,Industries,Textiles
Q001501,Geography,Soils,Black Soil
Q001502,History of India,Mauryan Empire,Ashoka
Q001503,Geography,Mountain Ranges,Aravalli Range
Q001504,Geography,Rivers,Yamuna
Q001505,Geography,Rivers,Godavari
Q001506,Indian Economy,Agriculture,Rice
Q001507,Indian Economy,Agriculture,Wheat
Q001508,Geography,Plains,Ganga Plain
Q001509,Geography,Rivers,Rainfall
Q001510,Geography,Rivers,Chambal River
Q001511,Geography,Forests,Tropical Wet Evergreen Forests
Q001512,Geography,Rivers,Indravati River
Q001513,Geography,Indian Monsoon,atmospheric features
Q001514,History of Bihar,Manipur,Non-scheduled people
Q001515,Indian Economy,Development,SC and ST population percentage
Q001516,Geography,Rivers,Jawahar Tunnel
Q001517,Geography,Biodiversity,Annamalai cardamom hill and Palani hill
Q001518,Geography,Climatology,Indian summer monsoon
Q001519,Geography,Natural Disasters,El Nino
Q001520,Geography,Geomorphology,Himadri
Q001521,Geography,Ecology,Sundarban region
Q001522,Agriculture,Major Crops,cardamom
Q001523,Indian Economy,Development,Green Revolution
Q001524,Indian Economy,Agriculture,net sown land under irrigated land
Q001525,Geography,Rivers,Amazon River
Q001526,Geography,Earth,Longitude
Q001527,History of India,Harshavardhana,Kingdom
Q001528,Geography,Mountains,Taurus Mountains
Q001529,Geography,Rivers,Narmada River
Q001530,Geography,North Bihar,Terrain
Q001531,Geography,Moon,Atmosphere
Q001532,Geography,Australia,Great Barrier Reef
Q001533,General Mental Ability & CSAT,Odd One Out,Shapes
Q001534,Geography,Coastline,Dalmatian Coast
Q001535,Geography,Cities,Silicon Valley
Q001536,General Science,Chemistry,Igneous Rock
Q001537,Geography,Soils,Iron ore
Q001538,Geography,Geomorphology,Hematite
Q001539,Geography,Rivers,Seine
Q001540,Geography,Locations and Boundaries,Andes
Q001541,Geography,Environmental Issues,Air pollution
Q001542,Geography,Minerals,Gold (Minas Gerais)
Q001543,History of India,Mauryan Empire,Iron ore deposits
Q001544,Geography,Time Zones,"Thimphu, Bhutan"
Q001545,General Mental Ability & CSAT,Coding-Decoding,Latitude
Q001546,Geography,Rivers,El Nilo current
Q001547,Geography,Lakes,Lake Victoria
Q001548,Geography,Environmental Issues,Heat wave
Q001549,Geography,Minerals,Chromite
Q001550,General Science,Physics,Pulsars
Q001551,General Science,Chemistry,Plate Tectonics
Q001552,Geography,Geomorphology,Continental Drift
Q001553,Geography,Rivers,Indus River
Q001554,Geography,Rivers,Jhelum River
Q001555,General Science,Biology,Biosphere
Q001556,Geography,Physiographic Divisions,Antarctica
Q001557,Geography,Climatology,Temperate Climate
Q001558,Geography,Climatology,Monsoon Climate
Q001559,General Science,Physics,Solar Radiation
Q001560,General Science,Physics,Sun
Q001561,Geography,Geomorphology,"SIAL, SIMA, NIFE"
Q001562,Geography,Oceanography,"Roaring forties, furious fifties, shrieking sixties"
Q001563,Geography,Oceanography,Sargasso Sea
Q001564,Geography,Rivers,Boundary line between India and China
Q001565,Geography,Climatology,Rajasthan receives little rain
Q001566,Geography,Geomorphology,Eskers and drumlins
Q001567,Geography,Geodesy,Science that deals with
Q001568,Geography,Earth Science,Continental drift theory
Q001569,Geography,Oceanography,Sunda Trench and island
Q001570,Geography,Oceanography,Effective Coriolis force
Q001571,Geography,Rivers,Countries bordering the Dead Sea
Q001572,Geography,Minerals,Ilmenite distribution along the Indian coastline
Q001573,Geography,Rivers,Kosi River
Q001574,Geography,Countries,Greenland
Q001575,Indian Economy,Development,Gold Output
Q001576,Geography,Continents,Number of Countries
Q001577,Geography,Niagara Falls,Canada and USA
Q001578,Geography,Countries,Mismatched Pair (Germany and Coal Fields) - No specific country listed
Q001579,Indian Economy,Minerals,Coal
Q001580,Geography,Cities,St. Petersburg
Q001581,Geography,Mountain Ranges,Pyrenees
Q001582,Geography,Oceans,Pacific Ocean
Q001583,Geography,Countries,Russia
Q001584,Geography,Countries,Canada
Q001585,Geography,Rivers,Kosi River
Q001586,Indian Economy,Banking,Aramco Oil Company
Q001587,Geography,Minerals,Uranium
Q001588,Geography,Location and Boundaries,Shaksgam Valley
Q001589,Geography,Rivers,Aramco Oil Company
Q001590,Geography,Rivers,Longest mountain range
Q001591,General Mental Ability & CSAT,Coding-Decoding,Kraal
Q001592,Geography,Soils,Soil types
Q001593,Geography,Deserts,Arunachal Pradesh
Q001594,Indian Economy,Industry,Landlocked countries
Q001595,Geography,Biomes,Mediterranean climate
Q001596,Geography,Rivers,River length
Q001597,Geography,Minerals,Oil reserves
Q001598,Indian Economy,Banking,Largest crude oil producer
Q001599,History of India,Prehistoric India,World population in 10000 BC
Q001600,Geography,Oceanography,Cocos Plate
Q001601,Indian Economy,Industries,Rust Bowl of USA
Q001602,Geography,Rivers,Coffee Port of the world
Q001603,Indian Economy,Agriculture,Largest oil reserves
Q001604,Geography,Biomes,Mid-latitude grassland in South America
Q001605,Geography,Landforms,Great Victorian Desert
Q001606,Geography,Climate,Coolgardie
Q001607,Geography,Oceanography,Pennine Sea
Q001608,Geography,Oceanography,Highest average salinity
Q001609,Geography,Rivers,Kosi River
Q001610,Geography,Oceanography,Coastline
Q001611,Indian Economy,Banking,Largest Aluminum Producer
Q001612,Geography,Rivers,Kosi-Mechi Link Project
Q001613,Geography,Geomorphology,Takala Makan Desert
Q001614,Geography,Oceanography,Strait of Bab-el-Mandeb
Q001615,Geography,Cities,Nukushima
Q001616,Indian Economy,Minerals,Coal Production
Q001617,Geography,Climatology,Southern Hemisphere Longest Day
Q001618,Geography,Rivers,Amazon River
Q001619,Geography,Geomorphology,European Mountain Range
Q001620,Geography,Oceanography,Great Barrier Reef
Q001621,Geography,Rivers,Trans-Siberian Railway
Q001622,Geography,Rivers,River Systems
Q001623,Geography,Location and Boundaries,Hyderabad
Q001624,Indian Economy,Minerals,Cold Deposits
Q001625,Indian Economy,Development,Wheat Production
Q001626,Indian Economy,Development,Electronics Production
Q001627,General Science,Physics,Volcanic Eruptions
Q001628,General Science,Geomorphology,Mushroom Rock Formation
Q001629,Geography,Oceanography,Cold Water Currents
Q001630,Geography,Location and Boundaries,St. Petersburg Coast
Q001631,Geography,Location and Boundaries,Russian Coast
Q001632,Art & Culture,French Culture,Wine Producing Provinces
Q001633,Indian Economy,Banking,More than half of the coffee produced in the world is from-
Q001634,Geography,Biomes,Grasslands of Brazilian Plateau
Q001635,Geography,River Deltas,Mississippi Delta
Q001636,Geography,Ocean Currents,Banguela Current
Q001637,Geography,None,Which of these is not visible?
Q001638,Geography,Rivers,Water in perennial rivers
Q001639,Society,Tribal and Peasant Movements,Negrito race
Q001640,Indian Economy,Agriculture,Coffee production
Q001641,Indian Economy,Industrial Development,Factors responsible for industrial development in Japan
Q001642,Indian Economy,Banking,The ratio of total deposits that a Commercial Banks must keep with Reserve Bank of India
Q001643,Indian Polity,Union Government,GST Council
Q001644,Indian Economy,Fiscal Policy,Union Finance Minister—Chairman 2. Union Minister of State (Finance)—Member 3. Finance Ministers of all States and Union Territories or members nominated by them— Member
Q001645,Indian Economy,Basic Economics,None
Q001646,Indian Economy,Five Year Plans,None
Q001647,Indian Economy,Central Bank,None
Q001648,Current Affairs,Finance Commission,None
Q001649,Indian Economy,National Income,None
Q001650,Indian Economy,Banking,CGTMSE
Q001651,Indian Economy,Small Finance Banks,RBI Eligibility Criteria
Q001652,Current Affairs,Union Budget 2024-25,Budget Priorities
Q001653,Indian Economy,Agriculture,Productivity and Resilience
Q001654,Indian Economy,Indian Capitalists,Bombay Plan Architects
Q001655,Indian Economy,Insolvency and Bankruptcy,Definitions
Q001656,Indian Economy,Industrial Policy Resolution,Year of Adoption
Q001657,Bihar Economy,Bihar Budget,PLI Scheme - Incorrect Statements
Q001658,History of Bihar,Champaran Satyagraha,SVAMITVA Scheme - Incorrect Statements
Q001659,Indian Economy,Development,Stagflation - Contributing Factors
Q001660,Indian Economy,Development,FDI Trends - 2023 Economic Survey
Q001661,Indian Economy,Fiscal Policy,Fiscal Deficit - FY21 & FY22
Q001662,Indian Economy,External Sector,Globalization - Impact on India
Q001663,Bihar Economy,Non-Plan Expenditures,Central Government Expenditures
Q001664,Indian Economy,Banking,Foreign Exchange Reserves (FER)
Q001665,Indian Economy,Trade Policy,Rules of Origin
Q001666,Bihar Economy,Demography,Infant Mortality Rate - Trends & Uttar Pradesh
Q001667,Indian Economy,Human Capital Formation,Definition & Components
Q001668,Bihar Polity & Governance,Female Workforce Participation Rate,Bihar - 2020-2022
Q001669,Bihar Economy,Agriculture,Major Crops
Q001670,Bihar Economy,Development,Human Development Index
Q001671,Bihar Economy,GSDP,Rate of growth of State Domestic Product (GSDP) 2020-2021
Q001672,Bihar Economy,"SEZ Act, 2005",Objectives
Q001673,Bihar Economy,Agricultural Marketing,Policy measures adopted by the Government of India
Q001674,Bihar Economy,"Competition Act, 2002",Committee suggested the enactment
Q001675,Bihar Economy,Five Year Plans,Focused on Human Resource Development
Q001676,Bihar Economy,FDI,"State of India received highest FDI, equity flow during April to September, 2022"
Q001677,Bihar Economy,Budget,Liberalized Exchange Rate Management System
Q001678,Bihar Economy,Budget,Finance Minister announced
Q001679,Bihar Economy,Five Year Plans,Goals
Q001680,Bihar Economy,Poverty Line,Organization carries out the survey
Q001681,Indian Economy,Banking,Pradhan Mantri Jan Dhan Yojana
Q001682,Indian Economy,Development,Poverty estimates based on 68th round NSSO
Q001683,Indian Economy,Microenterprise,Definition of microenterprise in India
Q001684,Indian Economy,Pradhan Mantri Krishi Sinchai Yojana,Incorrect statement about Pradhan Mantri Krishi Sinchai Yojana
Q001685,Bihar Polity & Governance,Bhandari Committee,Formation of Bihar and Orissa Province
Q001686,Indian Polity,Constitution,National Pension Scheme (NPS) - Objectives
Q001687,Indian Economy,Development,Vibrant Village Programme - Objective
Q001688,Indian Economy,Social Issues,Objective of Community Development
Q001689,Indian Economy,Development,Best index of economic development
Q001690,Indian Economy,Development,Members of the National Development Council
Q001691,Indian Polity,Union Government,"List-I and List-II matching - Punjab, Uttar Pradesh, Andhra Pradesh, West Bengal - Rice producing states"
Q001692,Indian Economy,Banking,National Development Council - Members
Q001693,Indian Economy,Banking,RBI
Q001694,Indian Economy,Industry,Textile
Q001695,Indian Economy,Development,MGNREGA
Q001696,Indian Economy,Fiscal Policy,Revenue Deficit
Q001697,Current Affairs,Science & Technology,Chandrayaan-2
Q001698,Current Affairs,External Sector,Trade Partners
Q001699,Geography,Infrastructure,Bharatmala Project
Q001700,Indian Economy,Development,World Economic Outlook Index
Q001701,Indian Economy,Banking,IMF
Q001702,Indian Economy,Development,GDP Calculation
Q001703,Indian Economy,Banking,National Income
Q001704,Indian Economy,Social Sector,Ayushmaan Sahakar Scheme
Q001705,Indian Economy,Banking,Cash Reserve Ratio
Q001706,Indian Polity,Union Government,PM CARES Fund
Q001707,Indian Economy,Development,Rice Production - 2018-19
Q001708,Indian Economy,Fiscal Policy,Impact of Cash Reserve Ratio
Q001709,Indian Economy,External Sector,Foreign Exchange Reserves - 2018-19
Q001710,Indian Economy,Bihar Economy,15th Finance Commission - Share
Q001711,Indian Economy,Agriculture,Minimum Support Price
Q001712,Society,Social Issues,Hindu Growth Rate
Q001713,Indian Economy,Development,Antyodaya Programme - Initial State
Q001714,Indian Economy,Agriculture,Meat and Meat Preparation Exports - 2017
Q001715,Indian Economy,Bihar Economy,Foreign Exchange Reserves - 2018-19
Q001716,Indian Polity,Constitution,Minimum Support Price - Determination
Q001717,General Mental Ability & CSAT,General Mental Ability & CSAT,Coding-Decoding
Q001718,Indian Polity,Constitution,EPCG
Q001719,Indian Economy,Development,Pradhan Mantri Shram Yogi Maan-Dhan Scheme
Q001720,Indian Economy,Development,Community Development Programme
Q001721,Current Affairs,Development,Pradhan Mantri Karma Yogi Maan-Dhan Yojana
Q001722,Indian Economy,Development,Sustainable GDP Growth Rate
Q001723,Indian Economy,Development,Small Enterprises
Q001724,Geography,Population,Rural Families Access to Toilets
Q001725,Indian Economy,Development,Renewable Energy Contribution
Q001726,Indian Economy,Development,GDP Growth Rate Decrease
Q001727,Indian Economy,Development,Fixed Investment Growth Rate
Q001728,Indian Economy,Banking,Gems and Jewelery Export Promotion Council
Q001729,Indian Economy,Banking,Public Sector Banks Liquidity
Q001730,Indian Economy,Population,Urban Population Percentage
Q001731,Indian Polity,Union Government,NITI Aayog Full Form
Q001732,Indian Economy,Development,Twelfth Five-Year Plan Agriculture Growth Rate
Q001733,Indian Economy,Make in India,Industrial Development
Q001734,Indian Economy,Industrial Development,Not an Initiative
Q001735,Indian Economy,PURA,Providing Urban Facilities in Rural Areas
Q001736,Indian Economy,Literacy Rate,Female Literacy Rate 2011
Q001737,Indian Economy,Poverty Alleviation,Self-Service Groups
Q001738,Indian Economy,Agricultural Productivity,Increase Productivity
Q001739,Indian Economy,MNREGA,Poverty Alleviation
Q001740,Indian Economy,Union Budget,2017-18 Objectives
Q001741,Indian Economy,Development,National Food Security Mission
Q001742,Geography,Population,Density
Q001743,Bihar Polity & Governance,Bihar Legislature,Sex Ratio
Q001744,Bihar Economy,Bihar Budget,First Publication
Q001745,Current Affairs,Science & Technology,Foreign Direct Investment
Q001746,Bihar Economy,Agriculture,Employment Percentage
Q001747,Bihar Economy,Economic Growth,Growth Rate 2016-17
Q001748,Indian Economy,Basic Economics,National Income Calculation
Q001749,Indian Economy,Banking,Apex Bank for Agricultural Refinance
Q001750,Indian Economy,Fiscal Policy,14th Finance Commission Share
Q001751,Indian Economy,Economic Sectors,FDI Equity Flow
Q001752,Geography,Rivers,River Size
Q001753,Indian Economy,Banking,RBI
Q001754,Indian Polity,Union Government,Prevention of Money Laundering Act
Q001755,Current Affairs,Science & Technology,TRIMS
Q001756,Indian Economy,Development,NITI Aayog
Q001757,Indian Economy,External Sector,WPI Base Year
Q001758,Indian Economy,Development,Amartya Sen
Q001759,Indian Economy,Banking,Gullak Bachha Bank
Q001760,Indian Economy,Economic Sectors,Balance of Payment
Q001761,Indian Economy,Fiscal Policy,Service Tax
Q001762,Indian Economy,Development,National Income
Q001763,Indian Economy,Development,Five Year Plan
Q001764,Indian Economy,Taxation,State Finance
Q001765,Indian Economy,Fiscal Policy,Bank rate
Q001766,Indian Economy,Banking,Bond
Q001767,Indian Economy,Development,Ease of Doing Business Index
Q001768,Indian Economy,Financial System,Cash-reserve ratio
Q001769,Indian Economy,Development,Mahalanobis Plan model
Q001770,Indian Economy,Fiscal Policy,Effective revenue deficit
Q001771,Indian Economy,Financial System,Interest payment
Q001772,Indian Economy,Statistics,Consumer Price Indices
Q001773,Indian Economy,Trade,Foreign exchange earnings
Q001774,Indian Economy,Trade,Exports
Q001775,Indian Economy,Financial System,Foreign currency
Q001776,Indian Economy,Financial System,Foreign currency
Q001777,Indian Economy,Fiscal Policy,Ad-hoc treasury bill system of meeting the budget deficit in India was abolished on
Q001778,Indian Polity,Union Government,R. N. Malhotra Committee is associated with
Q001779,Indian Economy,Banking,Service tax in India was introduced in the Year?
Q001780,Indian Economy,External Sector,Convertibility of rupee employees
Q001781,Indian Economy,Basic Economics,Consider the following important sources of tax revenue for the Central Government
Q001782,Indian Economy,Financial System,"Which one of the following is the prescribed investment limit for medium enterprises in the manufacturing sector as per the Micro, Small and Medium Enterprises Development Act, 2006?"
Q001783,Indian Economy,External Sector,In which of the following years the trade balance was favorable for India?
Q001784,Indian Economy,Development,During which year was the annual average growth rate (at constant prices) of agriculture and allied become negative?
Q001785,Indian Economy,Development,"Consider the following statements: I. ‘Varsha Bima’, the Rainfall Insurance Scheme, is managed by Agricultural Insurance Company of India Limited (AICIL). II. The scheme was introduced during the 2007 south-west monsoon period."
Q001786,Indian Polity,Indian Economy,Consider the following statements- I. Bank rate is the interest rate that the Reserve Bank of India charges its clients on their shortterm borrowings. II. Repo rate is the interest rate that the Reserve Bank of India charges its clients on their longterm borrowings.
Q001787,Indian Economy,Banking,Financial sector reforms in India include consist of :
Q001788,Indian Economy,Financial System,Which of the following is not a component of 'Bharat Nirman'?
Q001789,Indian Economy,Fiscal Policy,Cash Reserve Ratio
Q001790,Indian Economy,Development Schemes,TRYSEM
Q001791,Indian Economy,Commercial Sources of Energy,Oil/Energy Crisis
Q001792,Indian Economy,Financial Sickness of State Electricity Boards,Low Grade Coal & Transmission Losses
Q001793,Indian Economy,State Electricity Boards,Social Delivery Policies
Q001794,Indian Economy,Types of Economy,Mixed Economy
Q001795,Indian Economy,Coal Industry,Dependence on Coking Coal Import
Q001796,Indian Economy,Planning Commission,Running Plan
Q001797,Indian Economy,Planning Commission,Establishment Year
Q001798,Indian Economy,World Bank Report,Indian Economy Status
Q001799,Indian Economy,Reserve Bank of India,Cash Reserve Ratio Impact
Q001800,Indian Economy,Indian Development Forum,Formerly Known As
Q001801,Indian Economy,Development,Eleventh Five Year Plan
Q001802,Bihar Economy,Bihar Budget,Revised Value Added Tax
Q001803,Indian Economy,Fiscal Policy,Eleventh Five Year Plan
Q001804,Art & Culture,Indian Culture,Signature on one rupee note
Q001805,History of India,British Expansion,Plan holiday in India
Q001806,Indian Economy,Fiscal Policy,Rolling Plan
Q001807,Indian Economy,Basic Economics,Fiscal Deficit
Q001808,Indian Economy,Banking,Life Insurance Corporation of India
Q001809,Indian Economy,Agriculture,Gross Domestic Product
Q001810,Indian Economy,Basic Economics,Growth of literacy in India
Q001811,Indian Economy,Economic Sectors,Commercial energy supplied by coal
Q001812,Indian Economy,Economic Sectors,Road transport
Q001813,Indian Economy,Development,National Bank for Agriculture and Rural Development (NABARD)
Q001814,Indian Economy,Agriculture,Second Green Revolution in India
Q001815,Indian Economy,Energy,Energy Production and Consumption in India
Q001816,History of India,Population,Population Characteristics of India (1991-2001)
Q001817,Indian Economy,Trade,India's Latest Export-Import Trade
Q001818,Indian Economy,Economic Sectors,Share of Tertiary Sector in National Income
Q001819,Indian Economy,Fiscal Policy,Direct Taxes
Q001820,Indian Economy,Fiscal Policy,Fiscal Policy Tools
Q001821,Indian Economy,Fiscal Policy,Fiscal Policy Tools
Q001822,Indian Economy,Five Year Plans,NABARD Establishment
Q001823,Indian Economy,Five Year Plans,Second Five Year Plan Outline Preparation
Q001824,Indian Economy,Economic Planning,Concept
Q001825,Indian Economy,Basic Economics,National Income
Q001826,Indian Economy,Banking,National Income Estimation
Q001827,Indian Economy,Development,Planning Commission
Q001828,Indian Economy,Fiscal Policy,ILAF Committee
Q001829,Indian Economy,External Sector,Special Economic Zones
Q001830,Indian Economy,Development,World Trade Organization
Q001831,Indian Economy,Banking,NAFED
Q001832,Indian Economy,Economic Sectors,Income Inequality
Q001833,Indian Economy,Development,Oil Crisis
Q001834,Indian Economy,Economic Sectors,Exchange Rate Systems
Q001835,Indian Economy,External Sector,Investment
Q001836,Indian Economy,Banking,Government Securities
Q001837,Indian Economy,Banking,Reserve Bank of India Monetary Policy Reviews
Q001838,Indian Economy,Banking,Inflation Indices - RBI
Q001839,Indian Economy,Fiscal Policy,Bank Lending Rate Calculation
Q001840,Indian Economy,Macroeconomic Variables,Money Supply Impact
Q001841,Indian Economy,Tourism,Contribution to Economic Activity
Q001842,Indian Economy,Union Budget,Grants-in-Aid Allocation
Q001843,Indian Economy,Money Supply,National Savings Certificates Account
Q001844,Indian Economy,Fiscal Policy,Fiscal Deficit Definition
Q001845,Indian Economy,Goods and Services Tax (GST),Revenue Neutral Tax Rate
Q001846,Indian Economy,Agriculture,Agricultural Crop Year
Q001847,Indian Economy,Currency,Currency Notes Issuance
Q001848,Indian Economy,National Income,National Income Calculation
Q001849,Indian Economy,Development,Planning Commission of India
Q001850,History of India,Population,Year of great divide
Q001851,Indian Economy,Basic Economics,Objectives of Indian planning
Q001852,Indian Economy,Fiscal Policy,Fiscal deficit
Q001853,Indian Economy,Banking,Statutory Liquidity Ratio (SLR) – Narasimha Committee
Q001854,Indian Economy,External Sector,Current account balance of payments
Q001855,Indian Economy,Development,Fiscal deficit – reduction
Q001856,Indian Economy,External Sector,Positive record in current account balance of payments (2002-03) – possible explanations
Q001857,General Science,Physics,Deflection of X-rays
Q001858,General Science,Physics,Reactance of a capacitor
Q001859,General Science,Physics,Diameter of objective lens and resolution of telescope
Q001860,General Science,Physics,Unit of measure of magnetic field
Q001861,General Science,Physics,Shadow Production
Q001862,General Science,Physics,Potential Energy
Q001863,General Science,Energy,Renewable Energy Sources
Q001864,General Science,Atomic Theory,Dalton's Atomic Theory
Q001865,General Science,Measurement,Meter for Distance
Q001866,General Science,Heat Transfer,Radiation
Q001867,General Science,Radiation,Gamma Radiation
Q001868,General Science,Forces,Non-Contact Force
Q001869,General Science,Electrical Resistance,Resistance of Wire
Q001870,General Science,Solar Energy,Solar Constant
Q001871,General Science,Physics,Tesla
Q001872,General Science,Optics,Concave Mirror Image Position
Q001873,General Science,Physics,Photoelectric Cell
Q001874,General Science,Physics,Electrical Conductivity
Q001875,General Science,Physics,Free Fall
Q001876,General Science,Physics,Alternating Current
Q001877,General Science,Physics,Current Density
Q001878,General Science,Physics,Convex Lens
Q001879,General Science,Physics,Sound Intensity
Q001880,General Science,Physics,Photoelectric Devices
Q001881,General Science,Physics,Digital Applications
Q001882,General Science,Physics,Friction
Q001883,General Science,Physics,Centripetal Force
Q001884,General Science,Physics,Radioactive Emission
Q001885,General Science,Physics,Frictional Force
Q001886,General Mental Ability & CSAT,Blood Relations,A bus takes a sharp turn to the right side suddenly
Q001887,General Mental Ability & CSAT,Mathematical & Symbol Operations,A sitarist tries to adjust the tension and pluck the string suitably
Q001888,Indian Economy,Banking,A form of matter has no fixed shape but it has a fixed volume
Q001889,General Mental Ability & CSAT,Age Problems,The speed of light will be minimum while passing through
Q001890,General Mental Ability & CSAT,Mathematical & Symbol Operations,The working principle of a washing machine is
Q001891,Geography,Rivers,The speed of light will be minimum while passing through
Q001892,General Mental Ability & CSAT,Odd One Out,Which of the following is not a ‘vector quantity’
Q001893,History of India,Harshavardhana,Who is the first person to define speed
Q001894,History of India,Albert Einstein,The ‘theory of relativity’ is presented by which scientist
Q001895,General Science,Physics,"Due to temperaturs variation along a conductor, potential variation occurs along it"
Q001896,General Mental Ability & CSAT,Coding-Decoding,What type of lens is used in magnifying glass
Q001897,Geography,Soils,Soil
Q001898,Indian Economy,Banking,Addition of salt into pure water
Q001899,General Mental Ability & CSAT,Coding-Decoding,Mirror
Q001900,General Mental Ability & CSAT,Blood Relations,Comfort
Q001901,General Science,Physics,Twinkling of stars
Q001902,General Science,Chemistry,Hydrogen bomb
Q001903,General Science,Physics,Pressure cooker
Q001904,General Science,Physics,Refrigerator
Q001905,Geography,Rivers,Ice melting
Q001906,General Mental Ability & CSAT,Logical Reasoning,Incorrectly matched
Q001907,General Mental Ability & CSAT,Physics,Free fall
Q001908,General Science,Physics,Soap film
Q001909,General Mental Ability & CSAT,Mathematical & Symbol Operations,Arithmetic
Q001910,General Mental Ability & CSAT,Mathematical & Symbol Operations,Resistance
Q001911,General Mental Ability & CSAT,Mathematical & Symbol Operations,Faraday constant
Q001912,General Mental Ability & CSAT,Mathematical & Symbol Operations,Velocity of electromagnetic waves
Q001913,General Mental Ability & CSAT,Mathematical & Symbol Operations,Light-year
Q001914,General Mental Ability & CSAT,Mathematical & Symbol Operations,Velocity of electromagnetic waves
Q001915,General Mental Ability & CSAT,Mathematical & Symbol Operations,Neil Armstrong
Q001916,General Mental Ability & CSAT,Mathematical & Symbol Operations,Viscosity
Q001917,General Mental Ability & CSAT,Mathematical & Symbol Operations,Poor conductor of heat
Q001918,General Mental Ability & CSAT,Mathematical & Symbol Operations,Fundamental physical quantity
Q001919,General Mental Ability & CSAT,Mathematical & Symbol Operations,Longitudinal wave
Q001920,General Mental Ability & CSAT,Mathematical & Symbol Operations,Dispersion of light
Q001921,General Mental Ability & CSAT,Coding-Decoding,Temperature
Q001922,General Mental Ability & CSAT,Number & Letter Series,The power of a lens is measured in
Q001923,General Science,Physics,"To diagnose the medical conditions, MRI technique is used."
Q001924,General Science,Physics,"When a sound wave goes from one medium to another, the quantity that remains unchanged is:"
Q001925,General Science,Physics,Light-year is a unit of:
Q001926,General Science,Physics,Particles
Q001927,Indian Polity,Constitution,Ohm meter
Q001928,Indian Economy,Banking,Ohm meter
Q001929,Geography,Climatology,Pressure
Q001930,General Mental Ability & CSAT,Number & Letter Series,Scalar quantity
Q001931,General Mental Ability & CSAT,Number & Letter Series,Quantity without unit
Q001932,General Science,Physics,Sound waves
Q001933,General Mental Ability & CSAT,Mathematical & Symbol Operations,Arithmetic
Q001934,General Mental Ability & CSAT,Mathematical & Symbol Operations,Hertz
Q001935,General Mental Ability & CSAT,Mathematical & Symbol Operations,Amperes
Q001936,General Mental Ability & CSAT,Mathematical & Symbol Operations,Watts
Q001937,General Mental Ability & CSAT,Mathematical & Symbol Operations,Amperes
Q001938,General Mental Ability & CSAT,Mathematical & Symbol Operations,Volts
Q001939,General Mental Ability & CSAT,Blood Relations,Father-Son Relationship
Q001940,General Mental Ability & CSAT,Mathematical & Symbol Operations,Gravitational Force
Q001941,General Mental Ability & CSAT,Mathematical & Symbol Operations,Electrical Resistance
Q001942,General Mental Ability & CSAT,Mathematical & Symbol Operations,Reflection of Light
Q001943,General Mental Ability & CSAT,Mathematical & Symbol Operations,Wavelength
Q001944,General Mental Ability & CSAT,Mathematical & Symbol Operations,Measurement of Distance
Q001945,General Mental Ability & CSAT,Coding-Decoding,Frequency
Q001946,General Mental Ability & CSAT,Classification & Odd One Out,Choose the correct statement.
Q001947,General Science,Physics,The value of 40 degree Celsius in Fahrenheit scale is :
Q001948,General Science,Physics,The unit of electric power is:
Q001949,General Science,Physics,In electric motor -
Q001950,General Science,Physics,Electric Current
Q001951,General Science,Chemistry,Greenhouse Gases
Q001952,Current Affairs,Science & Technology,Greenhouse Gases
Q001953,General Science,Physics,Einstein
Q001954,General Science,Physics,Pressure
Q001955,General Science,Physics,Wavelength
Q001956,General Science,Chemistry,Polymers
Q001957,General Science,Chemistry,Bakelite
Q001958,General Science,Chemistry,Vanaspati Ghee
Q001959,General Science,Chemistry,LPG
Q001960,General Science,Chemistry,Soap
Q001961,General Science,Chemistry,Iodized Salt
Q001962,General Science,Physics,Solar Radiation
Q001963,General Science,Physics,God Particle
Q001964,General Science,Physics,Radar
Q001965,General Science,Biology,Blood Pressure
Q001966,General Science,Physics,Electricity
Q001967,General Science,Physics,Magnetic Needle
Q001968,General Science,Physics,White Light
Q001969,Environment & Ecology,Climate Change,The room can be cooled by...
Q001970,General Mental Ability & CSAT,Blood Relations,Human skin gets burnt by swimming in a swimming pool
Q001971,General Mental Ability & CSAT,Mathematical & Symbol Operations,Time period of the pendulum-
Q001972,General Mental Ability & CSAT,Mathematical & Symbol Operations,Human skin gets burnt by swimming in a swimming pool
Q001973,General Mental Ability & CSAT,Mathematical & Symbol Operations,"When electrical energy is converted into motion, then –"
Q001974,General Mental Ability & CSAT,Mathematical & Symbol Operations,The modern atomic symbols are based on the method proposed by:
Q001975,General Mental Ability & CSAT,Mathematical & Symbol Operations,Substances that readily absorb moisture from other substances without chemically reacting with them are called :
Q001976,General Mental Ability & CSAT,Mathematical & Symbol Operations,1 zepto is equal to -
Q001977,General Mental Ability & CSAT,Mathematical & Symbol Operations,The time period of a pendulum clock is :
Q001978,General Mental Ability & CSAT,Mathematical & Symbol Operations,A sudden rise in the barometric height indicates:
Q001979,General Mental Ability & CSAT,Mathematical & Symbol Operations,"During very cold weather,……. of water helps in preserving the aquatic life."
Q001980,General Mental Ability & CSAT,Mathematical & Symbol Operations,Which of the following is a greenhouse gas?
Q001981,General Mental Ability & CSAT,Seating Arrangement,"In a barber’s shop, two plane mirrors are placed:"
Q001982,General Mental Ability & CSAT,Coding-Decoding,Hearing frequency range
Q001983,General Mental Ability & CSAT,Mathematical & Symbol Operations,Number of neutral points
Q001984,General Mental Ability & CSAT,Coding-Decoding,Plane mirrors
Q001985,General Mental Ability & CSAT,Mathematical & Symbol Operations,Charging a conductor
Q001986,General Mental Ability & CSAT,Blood Relations,Water as a cooling agent
Q001987,General Mental Ability & CSAT,Mathematical & Symbol Operations,Decibel measurement
Q001988,General Mental Ability & CSAT,Blood Relations,Constant velocity in a circle
Q001989,General Mental Ability & CSAT,Mathematical & Symbol Operations,Audiometer measurement
Q001990,General Mental Ability & CSAT,Mathematical & Symbol Operations,Work done in Newton-meter
Q001991,General Mental Ability & CSAT,Blood Relations,Correcting shortsightedness
Q001992,General Mental Ability & CSAT,Mathematical & Symbol Operations,Light-year definition
Q001993,General Science,Physics,Electrical Energy Conversion
Q001994,General Science,Chemistry,Petroleum Products
Q001995,General Science,Physics,Steam Engine Operation
Q001996,General Science,Physics,Thermodynamics - Cooling Effect
Q001997,General Science,Physics,Light Emission in Tube Lights
Q001998,General Science,Physics,Fan Speed - Motor Operation
Q001999,General Science,Electronics,Telephone Transmission
Q002000,General Mental Ability & CSAT,Coding-Decoding,Electrical Circuit Logic
Q002001,General Science,Physics,Clock Mechanism
Q002002,General Science,Material Science,Glass Properties
Q002003,General Science,Physics,High Voltage Transmission
Q002004,General Science,Astronomy,Satellite Applications
Q002005,General Science,Chemistry,Fibers
Q002006,General Science,Physics,Electrode Potential
Q002007,General Science,Chemistry,Steam Methane Reforming
Q002008,General Science,Chemistry,Acidity of Vinegar
Q002009,General Science,Chemistry,Hydrogenation Catalyst
Q002010,General Mental Ability & CSAT,Coding-Decoding,Electrophile
Q002011,General Mental Ability & CSAT,Chemical Reactions,Conductivity of Electrolyte
Q002012,General Mental Ability & CSAT,Chemical Reactions,Ideal Solution
Q002013,General Science,Chemistry,Storage of Hydrogen
Q002014,General Science,Physics,Heat Transfer - Comparison of Burns
Q002015,General Science,Chemistry,Corundum and Cryolite
Q002016,History of India,Science & Technology,John Dalton's Atomic Model
Q002017,General Science,Physics,Liquefaction of gases
Q002018,General Science,Physics,Soda acid fire extinguisher
Q002019,General Mental Ability & CSAT,Mathematical & Symbol Operations,Arithmetic symbol-substitution puzzles
Q002020,General Mental Ability & CSAT,Mathematical & Symbol Operations,Arithmetic symbol-substitution puzzles
Q002021,General Mental Ability & CSAT,Mathematical & Symbol Operations,Arithmetic symbol-substitution puzzles
Q002022,General Mental Ability & CSAT,Mathematical & Symbol Operations,Arithmetic symbol-substitution puzzles
Q002023,General Mental Ability & CSAT,Age Problems,Relative-age word-problems
Q002024,General Science,Physics,Diamond seed
Q002025,General Science,Physics,Fiber used to make bullet-proof jackets
Q002026,General Mental Ability & CSAT,Classification & Odd One Out,Full form of HMX
Q002027,General Science,Chemistry,Solute concentration
Q002028,General Science,Chemistry,Classification of medications
Q002029,General Mental Ability & CSAT,Mathematical & Symbol Operations,Rate of Reaction
Q002030,General Mental Ability & CSAT,Blood Relations,Family-relation 'story' puzzle
Q002031,General Mental Ability & CSAT,Mathematical & Symbol Operations,Arithmetic symbol-substitution puzzle
Q002032,Indian Economy,Development,Specific scheme/index (not named in question) - Greenhouse Effect
Q002033,General Mental Ability & CSAT,Mathematical & Symbol Operations,Acid reacts with metal carbonates to liberate gas
Q002034,General Mental Ability & CSAT,Age Problems,Relative-age word-problem - Acid vs. Base
Q002035,General Mental Ability & CSAT,Chemical Reactions,Odour of acetic acid
Q002036,General Mental Ability & CSAT,Chemical Reactions,Dry HCl gas and litmus paper
Q002037,General Mental Ability & CSAT,Classification & Odd One Out,Not specified in question - requires analysis
Q002038,General Mental Ability & CSAT,Chemical Reactions,Diamond and graphite properties
Q002039,Indian Economy,Development,Law of Gases - Equal volumes of gases
Q002040,General Mental Ability & CSAT,Mathematical & Symbol Operations,Nucleus of an atom consists of
Q002041,General Science,Chemistry,Metallurgical Processes
Q002042,General Science,Chemistry,Brass Composition
Q002043,General Science,Chemistry,Quicklime (Calcium Oxide) Production
Q002044,General Science,Chemistry,Weight Loss During Rusting
Q002045,General Science,Chemistry,White Metal (Solder) Composition
Q002046,General Science,Chemistry,"Noble Metals (Gold, Silver, Platinum) Characteristics"
Q002047,General Science,Energy,"Biogas Composition (Methane, Carbon Dioxide, Hydrogen Sulfide)"
Q002048,General Science,Chemistry,Colour of Cracker Combustion (Iron Oxide - Rust) Production
Q002049,General Science,Chemistry,"Incorrect Option (e.g., Sodium Chloride) - Requires Context"
Q002050,General Science,Chemistry,"Incorrect Statement (e.g., Relating to Chemical Properties) - Requires Context"
Q002051,General Science,Chemistry,True Statement about Graphite and Diamond (Structure and Properties) - Requires Context
Q002052,General Science,Chemistry,"Comparison of Graphite and Diamond (Hardness, Conductivity) - Requires Context"
Q002053,General Mental Ability & CSAT,Coding-Decoding,Mass number of a nucleus
Q002054,Geography,Soils,Main ingredient of cement
Q002055,General Mental Ability & CSAT,Blood Relations,Isotopes of an element differ in
Q002056,General Mental Ability & CSAT,Age Problems,"Temperature point at which solid, liquid and gaseous states may stay together"
Q002057,General Mental Ability & CSAT,Mathematical & Symbol Operations,Most important ore of aluminum
Q002058,General Mental Ability & CSAT,Basic Numeracy,pH value more than 7
Q002059,General Mental Ability & CSAT,Mathematical & Symbol Operations,H ion concentration will
Q002060,General Mental Ability & CSAT,Mathematical & Symbol Operations,Number of neutrons in the nucleus of plutonium nuclide (Pu^242)
Q002061,General Mental Ability & CSAT,Chemical Reactions,Limewater is turned milky by
Q002062,General Mental Ability & CSAT,Chemical Reactions,Incomplete burning of petrol and diesel produces
Q002063,General Mental Ability & CSAT,Basic Numeracy,pH of a solution changes from 3 to 6. The H ion concentration will
Q002064,General Mental Ability & CSAT,Mathematical & Symbol Operations,A mixture of sand and naphthalene can be separated by
Q002065,General Science,Chemistry,Sigma and Pi Bonds in Benzene
Q002066,General Science,Chemistry,Elements Present in Urea
Q002067,General Science,Minerals,Sapphire (Ruby) Chemical Formula
Q002068,General Science,Economics,Petrol Quality Measurement
Q002069,General Science,Chemistry,Components of Petrol
Q002070,General Mental Ability & CSAT,Coding-Decoding,Highest Melting Point
Q002071,General Science,Biology,Antibiotic Medicine Example
Q002072,General Science,Chemistry,Major Component of CNG
Q002073,General Science,Chemistry,Components of Acid Rain
Q002074,General Science,Chemistry,Chemical Formula of Heavy Water
Q002075,Current Affairs,Chemistry,pH Value of Water
Q002076,Current Affairs,Science & Technology,Nobel Prize in Chemistry 2019 - Development of
Q002077,General Science,Chemistry,Fungicides
Q002078,General Science,Chemistry,Chlorophyll Components
Q002079,General Science,Chemistry,Robert Boyle
Q002080,General Science,Chemistry,Mass Number Calculation
Q002081,General Science,Chemistry,Nitrous Oxide
Q002082,General Science,Chemistry,Elements vs Compounds
Q002083,General Science,Chemistry,pH Scale
Q002084,General Science,Environment & Ecology,Greenhouse Gases
Q002085,General Science,Biology,Oxygen Deficiency
Q002086,General Science,Chemistry,Natural Rubber Polymerization
Q002087,General Science,Chemistry,Glucose Formula
Q002088,General Science,Chemistry,CO Bond Order
Q002089,General Science,Chemistry,Physical Change
Q002090,General Science,Minerals,Non-Ferrous Metals
Q002091,General Science,Chemistry,Glass Composition
Q002092,General Science,Physics,Electrical Conductivity
Q002093,General Science,Chemistry,Most Conductive Metal
Q002094,General Science,Atmosphere,Nitrogen
Q002095,General Science,Chemistry,Conversion of Alcohol
Q002096,General Science,Physics,Nuclear Fission
Q002097,General Science,Safety,Fire Extinguishers
Q002098,General Science,Chemistry,Fullerene Atoms
Q002099,General Science,Chemistry,Boiling Point at High Altitude
Q002100,General Science,Chemistry,pH Value 7
Q002101,General Science,Chemistry,Quartz crystals
Q002102,General Science,Chemistry,Bromine
Q002103,General Science,Physics,Gases used in welding
Q002104,General Science,Materials Science,Galvanized iron pipes
Q002105,General Science,Chemistry,Detergents
Q002106,General Science,Biology,Sweat composition
Q002107,General Science,Chemistry,Blue vitriol
Q002108,General Science,Physics,Atomic nucleus
Q002109,General Science,Physics,Sublimation
Q002110,General Science,Chemistry,Heavy metals
Q002111,General Science,Materials Science,Stainless steel
Q002112,General Science,Materials Science,Plaster of Paris
Q002113,General Science,Chemistry,Hydrocarbons
Q002114,General Science,Chemistry,Vinegar
Q002115,General Science,Chemistry,Car Batteries
Q002116,General Science,Chemistry,Carbon Dioxide
Q002117,General Science,Chemistry,Hydrogen
Q002118,General Science,Physics,Cosmic Rays
Q002119,General Science,Chemistry,Carbon
Q002120,General Science,Chemistry,Acetylene
Q002121,General Science,Chemistry,Butane
Q002122,General Science,Earth Science,Minerals
Q002123,General Science,Chemistry,Sodium Chloride
Q002124,General Science,Chemistry,Sodium Chloride
Q002125,General Science,Chemistry,Brass Composition
Q002126,General Science,Chemistry,Myoglobin Composition
Q002127,General Science,Chemistry,Hydrogen Combustion Products
Q002128,General Science,Chemistry,Gold Solubility
Q002129,General Science,Biology,Fermentation Products
Q002130,General Science,Biology,Chemical Change Characteristics
Q002131,General Science,Chemistry,Indicators of Chemical Change
Q002132,General Science,Chemistry,Carbon Monoxide Toxicity
Q002133,General Science,Biology,Yeast Fermentation
Q002134,General Science,Chemistry,Adsorption Separation Technique
Q002135,General Science,Physics,X-ray Radiation
Q002136,General Science,Chemistry,Colloid Particle Size Range
Q002137,General Science,Chemistry,Amorphous Carbon
Q002138,General Science,Chemistry,Artificial Sweeteners
Q002139,General Science,Physics,Radioactive Elements
Q002140,General Science,Physics,Condensation
Q002141,General Science,Physics,Nuclear Fission
Q002142,General Science,Physics,Impact of Particles
Q002143,General Science,Materials Science,Pure Iron
Q002144,General Science,Chemistry,Albert Einstein
Q002145,General Science,Physics,Generation of Electrical Energy
Q002146,General Science,Chemistry,Acid Formation
Q002147,General Science,Materials Science,Zinc Alloy
Q002148,General Science,Chemistry,Uranium Fuel
Q002149,General Science,Biology,Cell Organelles
Q002150,General Science,Chemistry,Chemical Compounds
Q002151,General Science,Physics,Optics
Q002152,General Science,Biology,Plant Physiology
Q002153,General Science,Chemistry,Chemical Reactions
Q002154,General Science,Physics,Time and Work
Q002155,General Science,Biology,Photosynthesis
Q002156,General Science,Biology,Pharmaceuticals
Q002157,General Science,Agriculture,Turmeric Plant
Q002158,General Science,Biology,Vectors
Q002159,General Science,Biology,Blood Groups
Q002160,General Science,Biology,Immunity
Q002161,General Science,Biology,Vitamins
Q002162,General Science,Biology,Chlorophyll
Q002163,General Science,Biology,Hydrochloric Acid
Q002164,General Science,Biology,Plasma
Q002165,General Science,Biology,Bacillary Fever
Q002166,General Science,Biology,Cell
Q002167,General Science,Biology,Cell
Q002168,General Science,Agriculture,Fertilizers
Q002169,General Science,Biology,Spores
Q002170,General Science,Biology,Fungi
Q002171,General Science,Biology,Immune Response
Q002172,General Science,Biology,Vaccines
Q002173,General Science,Biology,DNA double helix structure
Q002174,General Science,Biology,vector vaccines
Q002175,General Science,Science & Technology,mRNA
Q002176,General Mental Ability & CSAT,Blood Relations,"X said to Y, Z is the mother of my son's wife's daughter, how is X related to Z"
Q002177,General Mental Ability & CSAT,Coding-Decoding,Match List-I with List-II
Q002178,Indian Economy,Agriculture,Linen
Q002179,General Science,Biology,parts of the skeleton that are not as hard as bones
Q002180,Environment & Ecology,Ecology,lichens
Q002181,General Science,Biology,Female Anopheles can be distinguished from female Culex
Q002182,General Science,Biology,immune system
Q002183,General Science,Biology,muscles in human body
Q002184,General Mental Ability & CSAT,Age Problems,Rahul is 3 times as old as Seema
Q002185,General Science,Biology,Chlorophyll absorption spectrum
Q002186,General Science,Biology,Incorrect match (example question) - needs specific details from the question
Q002187,General Science,Biology,Suction pull in trees
Q002188,General Science,Biology,Self-replication of chloroplasts
Q002189,General Science,Biology,Fungi lack cell walls
Q002190,General Science,Biology,Pollination definition
Q002191,General Science,Biology,Nutrient uptake by plants
Q002192,General Science,Biology,Coniferous plants
Q002193,General Science,Biology,Correctly matched pairs (requires question details) - needs specific details from the question
Q002194,General Science,Biology,Animal without red blood cells (requires question details) - needs specific details from the question
Q002195,General Science,Biology,Degradation of carbohydrates
Q002196,General Science,Biology,Substance to which carbohydrates degrade
Q002197,General Science,Biology,Vaccination
Q002198,General Science,Soils,Salt-loving plants
Q002199,General Science,Oceanography,Water absorption
Q002200,General Science,Biology,Biodegradation
Q002201,General Science,Environment & Ecology,Nighttime hazards
Q002202,General Science,Biology,Nutrients
Q002203,General Science,Botany,Food distribution
Q002204,General Science,Biology,Blood compatibility
Q002205,General Science,Anatomy,Pituitary gland
Q002206,General Science,Physics,Ultrasound waves
Q002207,General Science,Biology,Blood group compatibility
Q002208,General Science,Physiology,Pneumonia
Q002209,General Science,Biology,Plant Physiology
Q002210,General Science,Chemistry,Sugars
Q002211,General Science,Botany,True Fruits
Q002212,General Science,Botany,Legumes Nutrition
Q002213,General Science,Botany,Clove Source
Q002214,General Science,Physics,Radiation Therapy
Q002215,General Science,Nutrition,Protein
Q002216,General Science,Biology,Enzyme Conversion
Q002217,General Science,Chemistry,Blood Clotting Vitamins
Q002218,General Science,Biology,Female Sex Hormone
Q002219,Current Affairs,Science & Technology,Parkinson’s Disease Treatment
Q002220,General Science,Medicine,Thyroid Deficiency
Q002221,General Science,Biology,Taste Receptors
Q002222,General Science,Biology,Xylem
Q002223,General Science,Biology,Photosynthesis Products
Q002224,General Science,Biology,Anaerobic Respiration
Q002225,General Science,Biology,Cell Membrane
Q002226,General Science,Biology,Lipases
Q002227,General Science,Biology,BCG Vaccine
Q002228,General Science,Biology,Insulin
Q002229,General Science,Biology,Circulatory System
Q002230,General Science,Biology,Angora Rabbit
Q002231,General Science,Biology,Thermoregulation
Q002232,Art & Culture,Indian Culture,Charles Darwin
Q002233,Geography,Ecology,The actual location or place where an organism lives is called
Q002234,General Mental Ability & CSAT,Coding-Decoding,Solar energy
Q002235,General Mental Ability & CSAT,Coding-Decoding,Photosynthesis
Q002236,General Mental Ability & CSAT,Coding-Decoding,Bones
Q002237,General Mental Ability & CSAT,Coding-Decoding,Cells
Q002238,General Mental Ability & CSAT,Coding-Decoding,Lymphocytes
Q002239,General Mental Ability & CSAT,Coding-Decoding,Hormones
Q002240,General Mental Ability & CSAT,Coding-Decoding,Iodine
Q002241,General Mental Ability & CSAT,Coding-Decoding,AIDS
Q002242,General Mental Ability & CSAT,Coding-Decoding,Lymphocytes
Q002243,General Mental Ability & CSAT,Coding-Decoding,Iron Deficiency
Q002244,General Mental Ability & CSAT,Coding-Decoding,Normal Temperature
Q002245,General Mental Ability & CSAT,Blood Relations,Which part of the human body does typhoid disease affect?
Q002246,General Science,Biology,Organic agriculture is a farming system in which
Q002247,General Science,Environment & Ecology,Which of the following activities increases oxygen in the carbon cycle taking place on Earth?
Q002248,Agriculture,Fundamentals,Which of the following is the correct example of organic fertilizer?
Q002249,General Science,Biology,Which of the following plants has modified its stem to store food material?
Q002250,Current Affairs,Environment,Which global conference was the first step towards a global agreement to reduce greenhouse gas emissions?
Q002251,General Science,Physics,ISRO is the short form of
Q002252,General Science,Biology,Who discovered DNA?
Q002253,General Science,Chemistry,What is Triglyceride?
Q002254,General Science,Biology,Electroencephalogram (EEG) is used in monitoring :
Q002255,General Science,Biology,Body temperature is regulated by :
Q002256,General Science,Biology,Human body contains
Q002257,General Science,Biology,Cell Organelles
Q002258,General Science,Biology,Diseases
Q002259,General Science,Biology,Human Metabolism
Q002260,General Science,Chemistry,Antibiotics
Q002261,General Science,Biology,Carbohydrates
Q002262,General Science,Agriculture,Cash Crops
Q002263,General Science,Agriculture,Crop Types
Q002264,General Science,Agriculture,Black Revolution
Q002265,General Science,Biology,Genes
Q002266,General Science,Biology,Matching Pairs
Q002267,General Science,Chemistry,Vitamins
Q002268,General Science,Biology,Matching Pairs
Q002269,General Science,Biology,Antibiotics
Q002270,Indian Economy,Development,Aspartame
Q002271,General Science,Chemistry,Vitamin A antidote
Q002272,General Science,Environment,Chlorofluorocarbon
Q002273,General Science,Biology,Vitamin A storage
Q002274,General Science,Medicine,Radio isotopes for leukemia
Q002275,Environment & Ecology,Environmental Issues,Acid rain components
Q002276,Environment & Ecology,Climate Change,UNFCCC
Q002277,General Science,Physics,Particulate matter
Q002278,General Science,Chemistry,Acid rain components
Q002279,Geography,States,Sultanpur Bird Sanctuary
Q002280,Geography,States,Uttarakhand
Q002281,General Science,Biology,Plant Parts
Q002282,General Science,Biology,Oncogenes
Q002283,General Science,Biology,DNA Synthesis
Q002284,General Science,Medicine,Cancer Treatment
Q002285,General Science,Human Body,Blood Volume
Q002286,General Science,Diseases,Typhoid and Cholera
Q002287,General Science,Human Body,Energy Storage
Q002288,General Science,Biology,Microorganisms
Q002289,General Science,Evolution,Biodiversity
Q002290,General Science,Ecology,Vermiculture
Q002291,General Science,Biology,Microorganisms
Q002292,General Science,Biology,Cellular Autonomy
Q002293,General Mental Ability & CSAT,Mathematical & Symbol Operations,Arithmetic
Q002294,General Mental Ability & CSAT,Blood Relations,Plant bud
Q002295,General Science,Biology,Photosynthesis
Q002296,Geography,Soils,Salt-rich soil
Q002297,Geography,Rivers,Environment
Q002298,Geography,Irrigation,Water movement
Q002299,General Mental Ability & CSAT,Mathematical & Symbol Operations,Plant stimulation
Q002300,General Mental Ability & CSAT,Blood Relations,Sexual reproduction
Q002301,General Mental Ability & CSAT,Mathematical & Symbol Operations,Improvement of Simple system
Q002302,Indian Economy,Development,Human Development Index
Q002303,General Mental Ability & CSAT,Blood Relations,Embryo location
Q002304,General Mental Ability & CSAT,Blood Relations,Genetic variation
Q002305,Indian Economy,Agriculture,Wheat production
Q002306,Geography,Rivers,Sugarcane production
Q002307,Indian Economy,Development,Rainbow Revolution
Q002308,Indian Economy,Development,Second Green Revolution
Q002309,General Science,Biology,Vitamin B12
Q002310,General Science,Chemistry,Aflatoxin poisoning
Q002311,Agriculture,Fundamentals,Wheat fertilizer requirements
Q002312,General Science,Chemistry,Aspirin source
Q002313,Environment & Ecology,Environmental Issues,Acid rain causes
Q002314,Geography,States,Coffee production in India
Q002315,General Science,Biology,Animal cloning
Q002316,General Science,Biology,Cellular components in mango and monkey
Q002317,General Science,Biology,Human Anatomy
Q002318,General Mental Ability & CSAT,Blood Relations,Family relation 'story' puzzle
Q002319,Indian Economy,Development,Planning Commission
Q002320,General Mental Ability & CSAT,Mathematical & Symbol Operations,Arithmetic symbol-substitution puzzle
Q002321,General Mental Ability & CSAT,Age Problems,Relative-age word-problem
Q002322,Indian Economy,Agriculture,Major Crops
Q002323,General Mental Ability & CSAT,Blood Relations,Family relation 'story' puzzle
Q002324,General Mental Ability & CSAT,Mathematical & Symbol Operations,Arithmetic symbol-substitution puzzle
Q002325,General Mental Ability & CSAT,Odd One Out,Classification & Odd One Out
Q002326,General Mental Ability & CSAT,Age Problems,Relative-age word-problem
Q002327,General Mental Ability & CSAT,Blood Relations,Family relation 'story' puzzle
Q002328,General Mental Ability & CSAT,Mathematical & Symbol Operations,Arithmetic symbol-substitution puzzle
Q002329,General Science,Biology,Vitamin C Deficiency
Q002330,General Science,Biology,Haemoglobin Function
Q002331,General Science,Biology,Clinical Death
Q002332,General Science,Biology,Human Glands
Q002333,General Science,Biology,Correctly Matched Pairs
Q002334,General Science,Biology,Vitamin A Sources
Q002335,General Science,Biology,Smallpox Vaccine Production
Q002336,General Science,Biology,Malaria Mosquito Species
Q002337,General Science,Biology,Pesticide Effects
Q002338,General Science,Biology,Polio Drop Age
Q002339,General Science,Biology,Polio Drop Administration
Q002340,Indian Economy,Industry,Reliance Industries Market Capitalization 2023
Q002341,Current Affairs,National,Bharat Ratna 2024
Q002342,Current Affairs,International,World Economic Forum 2023
Q002343,Current Affairs,International,COP28 Climate Summit 2023
Q002344,Current Affairs,International,G7 Member Countries
Q002345,Current Affairs,Geography,State Ranking - SDG India Index 2023
Q002346,Current Affairs,Sports,20th Asian Games 2026 Host Country
Q002347,Current Affairs,Culture,City of Literature - UNESCO
Q002348,Current Affairs,Politics,Prime Minister of Italy
Q002349,Current Affairs,Politics,President of France 2022
Q002350,General Mental Ability & CSAT,Coding-Decoding,Most Popular Field Game
Q002351,Current Affairs,Politics,Re-elected President of France 2022
Q002352,General Science,Physics,Aditya L-1 Mission Payloads
Q002353,Current Affairs,National,Indian Space Research Organisation (ISRO) Chairman
Q002354,Indian Economy,Banking,Unified Payments Interface (UPI) expanded form
Q002355,General Science,Physics,Nobel Peace Prize 2023 winner
Q002356,General Science,Biology,3D printed humanoid robot in India
Q002357,History of India,Harshavardhana,First 3d printed humanoid robot in India
Q002358,Geography,Rivers,Chennai-Andaman and Nicobar (CANI) Project inauguration date
Q002359,History of India,Indian National Movement,First Indian mountaineer to scale Mount Everest and Mount Lhotse twice
Q002360,Current Affairs,Constitution,Eligibility age for senior citizens to vote by postal ballot (post-March 2024)
Q002361,Current Affairs,United Nations,UN Security Council vote on Palestine membership (April 2024)
Q002362,Current Affairs,Agriculture,Oilseeds not covered under 'Atmanirbharta' (April 2024)
Q002363,Current Affairs,International,Sheikh Ahmad Abdullah al-Ahmad al Sabah appointment as Prime Minister
Q002364,General Science,Physics,Indices experiencing significant growth in Financial Year 2023 (IIP data)
Q002365,Current Affairs,National,Ismail Haniyeh assassination
Q002366,Bihar Polity & Governance,Bihar Legislature,Mohan Charan Majhi constituency
Q002367,Current Affairs,Rivers,Kosi-Mechi Link Project
Q002368,Indian Economy,Development,CRISIL Rating report corporate bond market growth 2030
Q002369,Current Affairs,Science & Technology,International Olympic Day 2024 theme
Q002370,Current Affairs,Development,GVA sectoral shares FY 2023-24
Q002371,Geography,Rivers,Japan-India bilateral Maritime Exercise (JIMEX-24) location
Q002372,Indian Economy,Human Development,Female Labour Force Participation Rate increase 2017-18 to 2022-23
Q002373,Current Affairs,International Organizations,BRICS chairmanship 2024
Q002374,Current Affairs,Banking,RBI headline inflation projection FY 2025
Q002375,Art & Culture,Indian Culture,I Have the Streets: A Kutti Cricket Story author
Q002376,Current Affairs,International Organizations,13th Ministerial Conference of World Trade Organization (WTO) location
Q002377,Current Affairs,National,Donald Trump election rally shooter
Q002378,Indian Economy,Development,Mobile phone manufacturing in 2023
Q002379,Current Affairs,Science & Technology,UNESCO City of Literature
Q002380,Current Affairs,Development,Aman Sehrawat World Wrestling Olympic Qualifiers 2024
Q002381,Current Affairs,Budget,Highest allocation in Bihar Budget 2024-25
Q002382,Current Affairs,Supreme Court,Justice N. Kotiswar Singh's previous High Court
Q002383,Society,Social Issues,Ruchira Kamboj's appointment as Indian Ambassador
Q002384,Current Affairs,Sports,Men Singles title at French Open 2024
Q002385,Current Affairs,Science & Technology,Film by Payal Kapadia - French Open 2024
Q002386,Current Affairs,Social Issues,Manvi Madhu Kashyap - First transgender MLA
Q002387,Indian Polity,Legislative Assembly,Shreyasi Singh's constituency
Q002388,Current Affairs,Coding-Decoding,PCRA full form
Q002389,Current Affairs,Science & Technology,GPT
Q002390,Current Affairs,Indian Society,"Arti, Amal Clooney Women’s Empowerment Award"
Q002391,Current Affairs,International Relations,Country brought soil from the dark side of the moon
Q002392,Current Affairs,International Relations,NATO membership
Q002393,Current Affairs,Science & Technology,GPT
Q002394,Current Affairs,Science & Technology,Tesla's humanoid robot
Q002395,Current Affairs,Science & Technology,Deep-sea submersible implored
Q002396,Current Affairs,Politics,Former President of the United States of America interview
Q002397,Current Affairs,Sports,"Flushing Meadows, French Open, Venus Rosewater Dish, Wimbledon Trophy (Women), Roland Garros, US Open, Australian Open (women): Daphne Akhurst Memorial Cup"
Q002398,Current Affairs,General Science,Mother Tongue Survey of India (MTSI) field videography
Q002399,Current Affairs,Environment & Ecology,"SLCCVC, Vulture Conservation, National Park"
Q002400,Current Affairs,Environment & Ecology,"Asian giant tortoises, National Park"
Q002401,Current Affairs,National,Arunachal Pradesh
Q002402,History of India,Mauryan Empire,Rudraksh Balasaheb Patil
Q002403,Indian Economy,Development,National Education Policy 2020
Q002404,Indian Economy,External Sector,ECTA
Q002405,Current Affairs,Science & Technology,Plain Language Act
Q002406,Geography,Biodiversity,Tillyardembi fossils
Q002407,Environment & Ecology,Climate Change,Lisbon Declaration
Q002408,Geography,Miscellaneous,UNESCO World Heritage Site
Q002409,Indian Economy,Banking,Costliest Currency
Q002410,Geography,Rivers,"Sunchi Reef, Amee Shoals, Grande Island"
Q002411,Indian Polity,Governance,G20 Members
Q002412,Miscellaneous,Miscellaneous,Yevgeny Prigozhin
Q002413,Current Affairs,Science & Technology,Global Gender Gap Report
Q002414,History of India,Mahajanapadas,Queen Elizabeth II
Q002415,Indian Economy,Development,DefExpo-2022
Q002416,Geography,Rivers,Thadingyut Festival
Q002417,Geography,World Landmarks,White House
Q002418,Indian Economy,Energy,Net Metering
Q002419,Bihar Economy,Infrastructure,Floating Solar Power Plant
Q002420,Bihar Economy,Agriculture,Per Capita Income
Q002421,Indian Economy,Development,SDG Report
Q002422,General Mental Ability & CSAT,Coding-Decoding,Sports Inclusion
Q002423,Miscellaneous,Miscellaneous,Geographical Indicaton
Q002424,Geography,World Landmarks,UNESCO World Heritage List
Q002425,Indian Economy,Development,Ease of Doing Business
Q002426,Bihar Polity & Governance,Bihar Administration,Ganga Jal Aapurti Yojana
Q002427,Current Affairs,Science & Technology,Equal Pay for Men and Women Players
Q002428,Indian Economy,Development,YUVA 2.0 Scheme
Q002429,Current Affairs,Development,Mother Tongue Survey of India
Q002430,Current Affairs,Science & Technology,Gas Pricing Committee
Q002431,Current Affairs,Science & Technology,MTSI Field Videography
Q002432,Geography,District-wise Geography,Swachh Survekshan 2022 - Unranked Cities
Q002433,Geography,Location and Boundaries,Donyi Polo Airport - Itanagar
Q002434,General Science,Biology,Animal Approval - Food Animal
Q002435,Current Affairs,Science & Technology,Floating Financial Literacy Camp - India Post Payments Bank
Q002436,Indian Polity,Constitution,PARAM KAMRUPA Supercomputer - IIT Guwahati
Q002437,Current Affairs,Science & Technology,Tiangong Space Station
Q002438,Indian Economy,Development,Rashtriva Poshan Maah
Q002439,Current Affairs,Science & Technology,China’s Tiangong Space Station
Q002440,Geography,Rivers,Mount Sinabung
Q002441,Current Affairs,Literature,Seven Moons of Maali Almeida
Q002442,Current Affairs,Science & Technology,World Space Week 2022
Q002443,Current Affairs,Science & Technology,Nuclear Fusion Breakthrough
Q002444,Current Affairs,Language,Collins Dictionary’s Word of the Year 2022
Q002445,Indian Economy,Development,International Drought Resilience Alliance
Q002446,Geography,Countries,Senegal & France
Q002447,Current Affairs,GI Tag,Nihonshu
Q002448,Current Affairs,Science & Technology,Tesla Humanoid Robot
Q002449,Current Affairs,National,Shinzo Abe
Q002450,Indian Economy,Development,Multilingualism
Q002451,Indian Polity,Constitution,General Assembly Session
Q002452,Indian Economy,Banking,Operation Vedeet
Q002453,Geography,Rivers,Sakteng Wildlife Sanctuary
Q002454,Current Affairs,Constitution,G20 Summit 2023
Q002455,Indian Polity,Constitution,UN Peacekeeping Operations
Q002456,Indian Economy,External Sector,FTA with UAE
Q002457,Geography,Countries,Arktika-M Satellite
Q002458,General Science,Biology,T-20 International Cricket
Q002459,Current Affairs,Health,Complete COVID-19 Vaccination Campaign
Q002460,Indian Polity,Bihar Polity & Governance,Maharashtra Chief Minister 2022
Q002461,Current Affairs,Bihar Current Affairs,Har Ghar Tiranga Abhiyan
Q002462,Indian Economy,Development,New Education Policy
Q002463,Indian Polity,Constitutional Bodies,State Governors
Q002464,Indian Economy,Development,"Youth in India Report, 2022"
Q002465,General Science,Biology,"Elavenil Valarivan, Shreya Agarwal, Ramita"
Q002466,Indian Polity,Union Government,Ministery of Minority Affairs
Q002467,Indian Polity,Presidential Election,UPA Candidate
Q002468,Current Affairs,International Relations,International Booker Prize
Q002469,General Science,Sports,"Elavenil Valarivan, Shreya Agarwal, Ramita"
Q002470,Bihar Economy,Employment,"Hrithik Anand, Badminton Olympics"
Q002471,Bihar Economy,Social Schemes,Sunandini Programme
Q002472,Indian Economy,Budget,Budget 2022-23 Priorities
Q002473,Indian Economy,Development,Human Development Index
Q002474,Indian Economy,External Sector,World Exports
Q002475,Indian Economy,Development,Wheat Production 2020-21
Q002476,Current Affairs,National,UN Security Council Membership
Q002477,Current Affairs,Science & Technology,Sputnik V COVID Vaccine
Q002478,Current Affairs,International,Joe Biden Inauguration
Q002479,Current Affairs,International,Republic Day Parade 2021 Guest
Q002480,Indian Polity,Union Government,Permanent Representative UN
Q002481,Indian Polity,Union Government,Permanent Representative UN
Q002482,Bihar Economy,Infrastructure,Digital Bihar Programme
Q002483,Bihar Economy,Human Development,Human Development Index
Q002484,Bihar Economy,External Sector,Bare Necessities Index (BNI)
Q002485,Bihar Economy,Bihar Budget,15th Finance Commission Recommendations
Q002486,Indian Polity,Union Government,15th Finance Commission Members
Q002487,Indian Economy,Banking,Foreign Direct Investment (FDI) Limit
Q002488,Indian Economy,Fiscal Policy,Fiscal Deficit Percentage
Q002489,Current Affairs,Science & Technology,Swachh Bharat Mission (Grameen) Implementation Period
Q002490,General Science,Biology,Covishield Vaccine
Q002491,Geography,Rivers,Atal Tunnel Length
Q002492,History of India,British Expansion,Railway Budget Merger Year
Q002493,Indian Polity,Constitution,"Citizenship (Amendment) Act, 2019 Purpose"
Q002494,General Mental Ability & CSAT,Coding-Decoding,Central Vista Project
Q002495,Indian Polity,Union Government,Jammu and Kashmir Division - Legislature Status
Q002496,Indian Economy,Banking,Indian Footballer - AIFF Player of the Year Award (2021)
Q002497,Current Affairs,National,Pradhan Mantri Kisan Samman Nidhi Yojana
Q002498,History of India,Sports,"Gold Medal for India won in the Olympics, 2021"
Q002499,Current Affairs,Science & Technology,"Tokyo Paralympics, 2021"
Q002500,Current Affairs,Science & Technology,"Medals won by India in the Tokyo Paralympics, 2021"
Q002501,History of India,International Relations,US Evacuation from Afghanistan
Q002502,Current Affairs,Science & Technology,Rafale Fighter Jet Supply by French Company
Q002503,History of India,Geography,Galwan Valley Clash between India and China
Q002504,Current Affairs,International Relations,Pegasus Spyware Development by US
Q002505,Current Affairs,Social Issues,Fit India Movement Mantra
Q002506,Current Affairs,Political Events,First Anniversary of Fit India Movement
Q002507,History of India,Arts & Culture,Chi Lupo Documentary Film winning Dadasaheb Phalke Award
Q002508,Current Affairs,Banking,e-Kisan Dhan App launched by Private Sector Bank
Q002509,Geography,Major Infrastructure Projects,international airport
Q002510,History of India,Indian Armed Forces,Rafale fighter aircraft
Q002511,Indian Economy,Banking,Board of Control for Cricket in India
Q002512,General Science,Biology,Women's Singles US Open Tennis Tournament
Q002513,General Mental Ability & CSAT,Coding-Decoding,Athletic scored first position
Q002514,History of India,Indian National Movement,cricketer announced retirement
Q002515,Indian Polity,Constitutional Bodies,Head of All India Women’s Selection Committee
Q002516,Indian Economy,Industry,Defence Research and Development Organisation
Q002517,General Science,Physics,Shanti Swarup Bhatanagar Prize
Q002518,Current Affairs,Nobel Peace Prize,"Nobel Peace Prize, 2020"
Q002519,Art & Culture,Indian Culture,Indian film actor
Q002520,Geography,Coastal Security,Indian beaches Blue Flag certification
Q002521,Current Affairs,National,Ghar Tak Fiber Scheme
Q002522,Indian Polity,Union Government,Quadrilateral Security Dialogue
Q002523,Indian Economy,Development,Fifth BRICS Culture Ministers’ Meeting
Q002524,Geography,Rivers,ASEAN Summit
Q002525,Indian Economy,Development,Human Capital Index
Q002526,Current Affairs,Science & Technology,Operation MAGA
Q002527,Geography,Countries,Nuclear Power Plant
Q002528,Indian Polity,International Organisations,International Labour Organisation’s Governing Body
Q002529,Current Affairs,Development,Operation My Saheli
Q002530,Geography,Countries,Largest Indian Population
Q002531,General Mental Ability & CSAT,Coding-Decoding,Parliament Building Bid
Q002532,Indian Polity,National Commission for Women,Head of National Commission for Women
Q002533,General Mental Ability & CSAT,Coding-Decoding,"According to the 2020 report on ease of doing business, India has improved its ranking"
Q002534,Indian Economy,Development,PM Kusum Yojana
Q002535,Indian Economy,Banking,Top 100 Banks of India
Q002536,Indian Economy,Banking,Ministry of Defence - Credit Targets
Q002537,Indian Economy,Development,NIRVIK Scheme
Q002538,Indian Economy,Budget,PM Awas Yojana - Key Schemes
Q002539,Indian Polity,International Relations,First Arab Country to Sign Peace Agreement with Israel
Q002540,History of India,Constitutional Development,Citizenship (Amendment) Act passed
Q002541,Geography,Infrastructure Projects,13th Major Port of India
Q002542,History of India,Personalities,Kamala Harris's Ancestral Village
Q002543,Geography,Wildlife Sanctuaries,Salim Ali Bird Sanctuary
Q002544,Geography,Geographical Locations,Salim Ali Bird Sanctuary Location
Q002545,Geography,Rivers,Kosi River
Q002546,History of Bihar,Sher Shah Suri,Administrative Reforms
Q002547,Indian Economy,Development,Beej Bachao Andolan
Q002548,Indian Polity,Union Government,Competition Commission of India
Q002549,Current Affairs,Science & Technology,National Statistics Day
Q002550,Geography,Rivers,Indus River
Q002551,Indian Polity,Union Government,Regional Comprehensive Economic Partnership
Q002552,Indian Polity,Union Government,China
Q002553,Current Affairs,Science & Technology,Track 1.5 Diplomacy
Q002554,Indian Economy,Development,Mekong Ganga Cooperation
Q002555,General Mental Ability & CSAT,Rivers,Ahmedabad-Gujarat
Q002556,Indian Polity,Union Government,Megan Hayton
Q002557,Geography,Rivers,Kosi-Mechi Link Project
Q002558,Indian Polity,Union Government,International Boxing Federation
Q002559,Indian Economy,Banking,Shane Watson
Q002560,Geography,Rivers,India’s first Dolphin Observatory
Q002561,Geography,Rivers,Bihar’s first Ramsar Site
Q002562,General Science,Biology,International Boxing Federation
Q002563,Current Affairs,Science & Technology,"FIDE first ever Online Chess Olympaid, 2020"
Q002564,General Mental Ability & CSAT,Coding-Decoding,Max Verstappen
Q002565,General Mental Ability & CSAT,Coding-Decoding,Max Verstappen hosted ‘One More Thing’
Q002566,General Mental Ability & CSAT,Thinkers,I am no Messiah
Q002567,General Mental Ability & CSAT,Ranking & Ordering,HDI 2019 ranking of the following countries
Q002568,Society,Thinkers,A Gallery of Rascals
Q002569,Geography,Industries,Ikea
Q002570,History of India,Olympics,2020 Summer Olympics
Q002571,General Science,Chemistry,Periodic Table
Q002572,Indian Polity,Constitution,Triple Talaq
Q002573,Current Affairs,Science & Technology,BRICS Summit 2019
Q002574,History of India,Biographies,Mukund Padmanabhan
Q002575,Indian Economy,Development,Mandal Dam Project
Q002576,Geography,Districts,Megalithic Site Documentation
Q002577,Current Affairs,International,OIC Summit 2019
Q002578,Geography,Countries,Paraguay
Q002579,Geography,Capitals,Paraguay Capital
Q002580,Geography,UN Environment Assembly,UNEA-4
Q002581,General Mental Ability & CSAT,Coding-Decoding,the specific coding technique THIS question uses
Q002582,Indian Polity,Bihar Legislature,Chief Minister of Goa
Q002583,Current Affairs,Science & Technology,International Gandhi Peace Prize for 2018
Q002584,Geography,Minerals,camel hospital
Q002585,Current Affairs,Science & Technology,"Men's Singles of the YONEX All England Open Badminton Championships, 2019"
Q002586,Current Affairs,Science & Technology,Chandrayaan-2 spacecraft launch from India
Q002587,Indian Economy,Agriculture,second fastest batsman to score 25 countries in the test format after Sir Don Bradman
Q002588,Geography,North Bihar,Chandrayaan-2 launch state
Q002589,Indian Polity,Union Government,Conservative Party to be the Prime Minister of the UK
Q002590,Current Affairs,International,Coordination Bureau of Non-Aligned Movement (NAM) Ministerial-Meeting 2019
Q002591,Indian Polity,Bihar Administration,Permanent Representative of India in the UN before Syed Akbaruddin
Q002592,General Mental Ability & CSAT,Blood Relations,version of VVPAT machine
Q002593,Geography,Rivers,Kosi River
Q002594,Current Affairs,Science & Technology,Chandrayaan-2 Lander
Q002595,Indian Economy,Banking,State Bank of India
Q002596,Current Affairs,Science & Technology,Meghdoot App
Q002597,Indian Polity,Social Issues,Mob Lynching
Q002598,Indian Economy,Industry,Private Train
Q002599,Society,Sports,Deepa Malik (Para-sports)
Q002600,Indian Polity,Awards,Padma Shri (Deepa Malik)
Q002601,Indian Polity,Governance,Cabinet Secretary
Q002602,Current Affairs,International,G-20 Summit (2022) - India
Q002603,Current Affairs,Science & Technology,IIT Bombay Student (Trackman) - Dhanbad
Q002604,Society,Sports,Bhagirathi Devi (Weightlifting) – Padma Shri 2019}]} 1.  {
Q002605,Geography,Rivers,Kosi River
Q002606,History of Bihar,Sher Shah Suri,Administrative Reforms
Q002607,History of India,Bhakti Movement,Vallabhacharya
Q002608,History of India,Harshavardhana,Relationship with Tibetan Buddhism
Q002609,Current Affairs,Science & Technology,Ramon Magsaysay Award - Dr. Rattan Lal Sati
Q002610,Current Affairs,Science & Technology,Jal Jeevan Mission - 2024
Q002611,Current Affairs,Development,Jal Jeevan Mission
Q002612,Miscellaneous,Miscellaneous,Julian Assange
Q002613,Current Affairs,Science & Technology,G-20 Summit - 2019
Q002614,Current Affairs,Science & Technology,Varuna Naval Exercise - India & Japan
Q002615,History of India,Arjuna Award,1961
Q002616,Indian Polity,Internal Security,Cybersecurity
Q002617,Current Affairs,National,Aung San Suu Kyi
Q002618,Indian Economy,Banking,NAFTA
Q002619,Current Affairs,International,Mobilize You City
Q002620,Current Affairs,International,Panini Language Laboratory
Q002621,Current Affairs,International,Human Organ Transplanatation Law
Q002622,Geography,Countries,Emmerson Mnangagwa
Q002623,Current Affairs,Political Events,Emergency declaration
Q002624,Current Affairs,Health,Polio outbreak
Q002625,Current Affairs,Sports,Cricket Asia Cup
Q002626,Current Affairs,Sports,18th Asian Games 2018 (Jakarta) - Medal tally
Q002627,Indian Economy,Development,Atal Bhujal Yojana - World Bank approval amount
Q002628,Geography,Civilizations,Indus Valley Civilization - Rainfall duration
Q002629,Environment & Ecology,Forestry,India Forest Status Report 2018
Q002630,General Mental Ability & CSAT,Champaran Satyagraha,Brother-sister
Q002631,Geography,District-wise Geography,Swachh Survekshan Grameen 2018
Q002632,Indian Economy,Development,Largest Insurance Scheme
Q002633,General Science,Science & Technology,Indian Railway University
Q002634,General Mental Ability & CSAT,Coding-Decoding,JIMEX 2018
Q002635,General Mental Ability & CSAT,Coding-Decoding,Air Pollution Control System ‘VAYU’
Q002636,Bihar Economy,Infrastructure,Chief Minister Nitish Kumar’s development schemes
Q002637,Bihar Polity & Governance,Bihar Administration,Deputy Chief Minister Sushil Modi’s Start-up Hub
Q002638,Bihar Polity & Governance,Bihar Government Schemes,Neel Ke Dhabbe book unveiling
Q002639,Indian Economy,Industries,Electric Locomotive Engine
Q002640,Bihar Polity & Governance,Bihar Government Schemes,Swachhagrahis National Convention
Q002641,Geography,Major Infrastructure Projects,NDMA mock drill CBRN airport
Q002642,Indian Polity,Union Government,Governor Reserve Bank of India
Q002643,Indian Economy,Banking,CEO NITI Aayog
Q002644,Indian Economy,Development,Smart cities renewable energy
Q002645,Current Affairs,Science & Technology,Mahmoud Abu Zeid UNESCO World Press Freedom Prize
Q002646,History of India,International Relations,Harimau Shakti 2018 India-Bangladesh military exercise
Q002647,Indian Economy,Development,Unnat Bharat Abhiyan Union Ministry
Q002648,Current Affairs,Science & Technology,Google India 360º VR video Incredible India
Q002649,Geography,Cities,India's first nationwide food archeology conference 'Archaeobroma'
Q002650,Indian Economy,Development,World Press Freedom Index 2018 rank
Q002651,General Mental Ability & CSAT,Coding-Decoding,India's rank in WPFI 2018
Q002652,General Mental Ability & CSAT,Miscellaneous,State with most number of beggars Ministry of Social Justice
Q002653,Bihar Economy,Infrastructure,Solar-powered health centres
Q002654,History of India,Sports,Men’s 25 m Rapid Fire Pistol Event
Q002655,Bihar Polity & Governance,Bihar Government Schemes,Airport Authority of India (AAI) agreement
Q002656,Geography,North Bihar,Fully covered tribal habitations with safe drinking water
Q002657,Current Affairs,Science & Technology,GSAT-6A satellite
Q002658,Current Affairs,Environment,International Day of Forests theme
Q002659,Indian Polity,Union Government,President of Egypt
Q002660,Art & Culture,Bihar Culture,J.C. Daniel Award
Q002661,Indian Economy,Industry,Mobile phone production position
Q002662,Bihar Economy,Social Welfare Schemes,Rupashree Scheme
Q002663,History of Bihar,Social Movements,Think Tank on Framework for National Policy on E-Commerce
Q002664,Current Affairs,Bihar Current Affairs,NITI Aayog Atal New India Challenge
Q002665,Current Affairs,National,South Korea-Tourism Cooperation
Q002666,Indian Economy,Development,Newton-Bhabha Fund-Ganga River Basin
Q002667,Current Affairs,Science & Technology,International Solar Alliance-ISA Pact
Q002668,Indian Economy,Banking,Civil Nuclear Cooperation
Q002669,Current Affairs,International,SACEP-South Asian Seas Region
Q002670,Geography,Rivers,ICFRE Headquarters Location
Q002671,Indian Polity,Union Government,RBI Governor
Q002672,History of India,US Politics,Donald Trump-Presidential Nominee
Q002673,Indian Economy,Development,Sustainable Development Goals Index 2016 Rank
Q002674,Current Affairs,International,Hague Code of Conduct-Member Countries
Q002675,Current Affairs,Literature,Nobel Prize in Literature 2016 Winner
Q002676,Indian Polity,United Nations,Secretary General of the United Nations
Q002677,Geography,Rivers,Kosi-Mechi Link Project
Q002678,History of Bihar,Champaran Satyagraha,Open Defecation Free State
Q002679,Indian Economy,Banking,Newest member of the Eurozone
Q002680,Indian Polity,Union Government,Head of state of the United Kingdom
Q002681,Bihar Economy,Bihar Budget,MAA program launched by federal ministry
Q002682,Geography,Industries,Textile University set up in a State
Q002683,Indian Economy,Development,Fiscal deficit target of India for 2016-17
Q002684,Current Affairs,Science & Technology,Maitree joint military exercise with the United Kingdom
Q002685,Indian Economy,Banking,Train safety system launched by Indian Railways
Q002686,Current Affairs,Sports,Davis Cup Tennis Tournament winner
Q002687,Geography,Physiographic Divisions,Laser Interferometer Gravitational-Wave Observatory (LIGO) laboratory in a State
Q002688,Current Affairs,Science & Technology,Rio Olympics 2016 gold medal winner
Q002689,Current Affairs,Science & Technology,Rio Olympics
Q002690,Current Affairs,National,Kabaddi World Cup
Q002691,History of India,Athletes,Gautam Gambhir
Q002692,Current Affairs,Awards,Rabindra Nath Tagore
Q002693,Indian Economy,Sports,Mahendra Singh Dhoni
Q002694,Geography,Pipelines,Iran-Pakistan Gas Pipeline
Q002695,Indian Economy,Banking,UPI
Q002696,Current Affairs,Sports,FIFA World Cup 2022
Q002697,General Science,Biology,Deepa Malik
Q002698,Indian Economy,Social Welfare,Mental Health Policy
Q002699,Current Affairs,Government Schemes,Saansad Adarsh Gram Yojana
Q002700,History of Bihar,Important Personalities,Bihar Congress Hyderabad
Q002701,Current Affairs,National,Indo-US military exercise ‘Yudh Abhyas 2014’
Q002702,Indian Polity,Non-constitutional Bodies,Political parties winning seats in the 16th Lok Sabha
Q002703,Indian Economy,Development,"Lal Bahadur Shastri National Award for excellence in Public Administration, Academics and Management"
Q002704,Indian Economy,Banking,7th Central Pay Commission Chairman
Q002705,Indian Economy,Development,"Justice J. S. Verma Committee's Report, 2013"
Q002706,Current Affairs,Science & Technology,Nobel Prize for Literature 2014
Q002707,Geography,International,Country making military service compulsory for adult males
Q002708,Indian Economy,Development,"Theme of Global Financial Development Report, 2014"
Q002709,Current Affairs,Science & Technology,Time magazine’s list of 25 most influential teens of 2014
Q002710,Current Affairs,International,BRICS summit 2015
Q002711,Indian Polity,International,UN Security Council membership
Q002712,Current Affairs,International,"Angola, Malaysia, New Zealand, Spain and Venezuela serving in the UN Security Council"
Q002713,Indian Economy,Development,Human Development Index
Q002714,Current Affairs,Science & Technology,Cricket
Q002715,Current Affairs,Sports,Champions League T-20
Q002716,History of India,Indian National Movement,17th Asian Games
Q002717,History of India,Sports,Wrestling
Q002718,Current Affairs,Sports,Commonwealth Games
Q002719,Current Affairs,Sports,Australian Open Tennis
Q002720,Current Affairs,Sports,SAFF Tournament
Q002721,Indian Economy,Development,HDR 2014
Q002722,Indian Economy,Agriculture,Oilseeds Production 2013-14
Q002723,Current Affairs,International Relations,Recognition of Palestine
Q002724,Current Affairs,International Relations,EU Country Recognition of Palestine
Q002725,Geography,Rivers,Kosi River
Q002726,Indian Polity,Union Government,Sports Awards
Q002727,History of India,Mahajanapadas,Prince of Wales Cup
Q002728,Indian Economy,Banking,ISLFTA
Q002729,Indian Polity,Constitutional Bodies,"SAFTA, CECA, SAPTA"
Q002730,History of India,World War II,Atomic Bomb
Q002731,Indian Polity,Political Parties,A. Raja
Q002732,Bihar Polity & Governance,Bihar Administration,AIIMS Institute
Q002733,Indian Economy,Economic Sectors,Political Party Wealth
Q002734,Bihar Polity & Governance,Bihar Legislative Assembly,2010 Election Comparison
Q002735,Current Affairs,International,Underwater Meeting
Q002736,Geography,Countries,Finland Rank
Q002737,General Mental Ability & CSAT,Coding-Decoding,Ranking
Q002738,History of India,Mauryan Empire,Ashoka
Q002739,Geography,Rivers,Indus River
Q002740,Indian Polity,Constitution,Fundamental Rights
Q002741,Indian Economy,Development,Sarva Shiksha Abhiyan
Q002742,Indian Economy,Banking,RBI
Q002743,Current Affairs,Science & Technology,Chandrayaan-1
Q002744,Art & Culture,Indian Culture,Yoga
Q002745,General Mental Ability & CSAT,Biosciences,Dr. CNR Rao
Q002746,Current Affairs,Sports,Commonwealth Games 2010
Q002747,Indian Economy,Energy,Per Capita Energy Consumption
Q002748,Indian Economy,Agriculture,Green Revolution
Q002749,Current Affairs,2G Spectrum,Telecom
Q002750,Indian Economy,Banking,Rajdhani Trains
Q002751,Geography,Rivers,Minimum Age for Census
Q002752,Bihar Economy,Employment,AVAHAN Program
Q002753,Indian Polity,Union Government,International Court of Justice
Q002754,Current Affairs,Science & Technology,Diabetes Day
Q002755,Geography,Biogeography,Research Centers in Antarctica
Q002756,Geography,Rivers,Kosi-Mechi Link Project
Q002757,History of Bihar,Sher Shah Suri,Doot Dak Seva
Q002758,History of India,Telecommunications,First Appearance of Telephone in India
Q002759,Indian Polity,President of India,Mrs. Pratibha Patil
Q002760,Bihar Economy,Scheduled Castes,Number of Castes after Amendment 2007
Q002761,History of India,Indian National Movement,2007 World Hindi Conference
Q002762,Indian Economy,Banking,Fortune magazine richest person 2007
Q002763,Geography,Rivers,Benazir Bhutto death location
Q002764,Bihar Polity & Governance,Bihar-specific Governance,SEZ policy Nandi village
Q002765,Bihar Economy,Employment,Chhapra constituency Lok Sabha elections 2004
Q002766,Indian Polity,Constitution,Indian hockey team Asia Cup 2007 captain
Q002767,Internal Security,Terrorism,Border Security Force establishment
Q002768,Geography,Location and Boundaries,Naval Air Station “Garuda” location
Q002769,Indian Economy,Industries,Bharat Dynamics Limited Center location
Q002770,General Mental Ability & CSAT,Coding-Decoding,G-8 member countries
Q002771,General Mental Ability & CSAT,Mathematical & Symbol Operations,China's news agency name
Q002772,Miscellaneous,China,China's News Agency
Q002773,General Mental Ability & CSAT,Coding-Decoding,Word Puzzle
Q002774,History of India,Mauryan Empire,Founding of Universities
Q002775,Indian Economy,Banking,Bharat Ratna Awardees
Q002776,General Science,Physics,Pulitzer Prize
Q002777,Art & Culture,Sports,Radha Mohan Cup
Q002778,History of India,British Rule,Winston Churchill
Q002779,Indian Polity,United Nations,Permanent Members of UNSC
Q002780,Indian Economy,Development,ASEAN
Q002781,Current Affairs,Naxalism,Spread of Naxalism
Q002782,Geography,G-8 Group,Member Countries
Q002783,Indian Polity,LTTE,Sri Lankan Tamil Tigers
Q002784,Indian Polity,G15,Group of Fifteen
Q002785,Indian Polity,Constitution,Article
Q002786,Indian Economy,Banking,Mobile Courts
Q002787,Current Affairs,Science & Technology,India-US Nuclear Treaty
Q002788,Indian Economy,Fiscal Policy,Euro Introduction
Q002789,Indian Economy,Development,World Bank Report
Q002790,Indian Polity,Local Government,Bangladesh Women Seats
Q002791,Indian Economy,Agriculture,Village on Wheels
Q002792,Current Affairs,International,Malaysia Prime Minister Visit
Q002793,History of Bihar,Sher Shah Suri,Emergency Declaration
Q002794,Current Affairs,International,India-US Summit 2004
Q002795,Indian Polity,Union Government,Secretary General of UN
Q002796,Current Affairs,International,13th NAM Meeting Kuala Lumpur
Q002797,Current Affairs,National,NATO (North Atlantic Treaty Organization) leaders meeting in November 2002
Q002798,History of India,Post-Mauryan India,Delegation of Indian Parliament visiting China in January 2003
Q002799,Indian Economy,Development,"Group-7 meeting of rich countries held in Deauville, France"
Q002800,Current Affairs,Science & Technology,"Second summit meeting of ASEAN held in October, 2003, India's representation"
Q002801,History of India,Harshavardhana,Delegation of Indian Parliament visited China in January 2003
Q002802,Geography,Indian Monsoon,Supreme leader of China
Q002803,Bihar Polity & Governance,Bihar Government Schemes,Goa Cabinet dismissal
Q002804,Current Affairs,National,Elections held for the President of Afghanistan
Q002805,Geography,North Bihar,State with Election Commission issue regarding vote counting in February 2005
Q002806,Bihar Polity & Governance,Bihar Legislature,Governor of Jharkhand
Q002807,Indian Polity,Union Government,Speaker of the Lok Sabha
Q002808,Indian Economy,Banking,Finance Minister of India
Q002809,Indian Polity,Constitution,Articles
Q002810,History of India,Mahajanapadas,Magadha
Q002811,Indian Polity,Union Government,Chief Election Commissioner
Q002812,History of India,Buddhism,Ashoka
Q002813,Indian Economy,External Sector,Balance of Payments
Q002814,General Mental Ability & CSAT,Logical Reasoning,Deductive Reasoning
Q002815,Current Affairs,Science & Technology,Space Missions
Q002816,Indian Polity,Federalism,Centre-State Relations
Q002817,History of India,Revolt of 1857,Mangal Pandey
Q002818,Indian Economy,Development,Five Year Plans
Q002819,Indian Polity,Panchayati Raj,Gram Sabha
Q002820,Indian Economy,Banking,Reserve Bank of India
Q002821,Indian Polity,Constitutional Bodies,Rajya Sabha
Q002822,Indian Polity,Union Government,Political Parties
Q002823,Bihar Polity & Governance,Bihar Legislature,Chief Justice Patna High Court
Q002824,Bihar Polity & Governance,Bihar Administration,Panchayati Raj Minister
Q002825,Indian Polity,Local Government,Leader of Opposition Bihar Legislative Council
Q002826,Indian Polity,Constitutional Development,Bihar Legislative Assembly Seats
Q002827,Indian Economy,Development,Political Party Seats Legislative Council
Q002828,History of India,Bharti Munde,Indian Economic Crisis
Q002829,Current Affairs,International,Taliban Afghanistan Name Change
Q002830,Current Affairs,Science & Technology,US Open Men’s Single Grand Slam 2021
Q002831,General Science,Biology,Covishield Vaccine Manufacturer
Q002832,Geography,Infrastructure,CPEC Project
Q002833,Current Affairs,Bihar Current Affairs,"India’s first ‘Kisan Rail’ started its journey on 8<sup>th</sup> August, 2020 between which of the following two stations?"
Q002834,Bihar Polity & Governance,Important Personalities,"Who from Bihar has been conferred the Padma Bhushan Award on 26<sup>th</sup> January, 2021?"
Q002835,Bihar Economy,Bihar Budget,"How many from Bihar were conferred the Padma Shri Award in different fields on 26<sup>th</sup> January, 2021?"
Q002836,Bihar Polity & Governance,Important Personalities,"Who from Bihar was conferred the Padma Shri Award for great contribution in the field of Medicine on 26<sup>th</sup> January, 2021?"
Q002837,History of India,Indian National Movement,Who from Bihar had received the Param Vir Chakra’ for exemplary bravery in 1971 Indo-Pak War?
Q002838,Art & Culture,Bihar Culture,Who among the following from Bihar has received and Dadasaheb Phalke Award?
Q002839,Current Affairs,National,"Which Indian journalist and media personality, a native of Bihar, has received the Magsaysay Award for the year 2019?"
Q002840,Society,Bihar Society,Which poor girl from Bihar is the receipient of the “Women’s Creativity in Rural Life Award” conferred by the Women’s World Summit Foundation for uplifting her community?
Q002841,History of India,Buddhism & Jainism,"The Fifth International Dharma-Dhamma conference was organized by India Foundation in collaboration with Nalanda University on 27- 28 July, 2019 in which of the following towns/ cities?"
Q002842,Current Affairs,Science & Technology,"In total, how many medals India won in Tokyo Paralympics held in August and September 2021?"
Q002843,Geography,Disaster Management,What is ‘Central Vista Redevelopment Project’?
Q002844,Indian Polity,Governance,"'Good Governance Day’, which commemorates the birth anniversary of India’s fromer Prime Minister Atal Bihari Vajpayee, is celebrated every year on :"
Q002845,Geography,Rivers,Kosi River
Q002846,Indian Economy,Development,One Nation One Ration Card
Q002847,Indian Economy,Development,Mission Indradhanush
Q002848,History of India,Mauryan Empire,Ashoka
Q002849,Geography,Biodiversity,Tree City of the World
Q002850,Indian Economy,Development,World Air Quality Report
Q002851,Indian Polity,Awards,Rajiv Gandhi Khel Ratna Award
Q002852,General Science,Sports,Tokyo Olympics Gold Medals
Q002853,Indian Economy,Development,Mars Mission
Q002854,Geography,Countries,UAE
Q002855,Indian Polity,International Relations,QUAD
Q002856,Indian Polity,Nobel Prizes,Nobel Peace Prize
Q002857,Geography,Rivers,Kosi River
Q002858,Bihar Polity & Governance,Bihar Government Schemes,Doorstep Delivery of Services Scheme
Q002859,History of Bihar,Sher Shah Suri,Sher Shah Suri's Rule
Q002860,Art & Culture,Bihar Culture,Bharat Mata Temple
Q002861,Indian Economy,Development,Stree Swabhiman Initiative
Q002862,General Mental Ability & CSAT,Coding-Decoding,Coding-Decoding Puzzle
Q002863,Current Affairs,Science & Technology,"World Future Energy Summit, 2018"
Q002864,Geography,World Rankings,"World Happiness Index, 2018"
Q002865,Indian Economy,Development,Turning Promises into Action : Gender Equality in the 2030 Agenda for Sustainble Development
Q002866,Current Affairs,Humanitarian Issues,Operation Rohingya
Q002867,Current Affairs,International Relations,International Year of
Q002868,Geography,World Rankings,NATO Membership
Q002869,Current Affairs,National,Same-sex marriage in Ireland
Q002870,Current Affairs,Science & Technology,UNESCO Intangible Cultural Heritage
Q002871,Current Affairs,National,India-France Agreement
Q002872,Indian Polity,Bihar,Mufti M. Sayeed Award
Q002873,Bihar Economy,Industry,Electronic Cigarettes Ban
Q002874,Bihar Polity & Governance,Law and Order,Safe City Surveillance Scheme
Q002875,Art & Culture,Literature,Gender Literature Festival
Q002876,Indian Polity,State Government,Commonwealth Parliamentary Association Conference
Q002877,Geography,International,32<sup>nd</sup> Summer Olympic Games
Q002878,Current Affairs,Sports,Para Athlete Gold Medal
Q002879,History of India,Biography,Indira Gandhi Book
Q002880,Society,Social Issues,Conflicts of Interest Book
Q002881,Indian Polity,Constitution,VVPAT
Q002882,Indian Economy,Banking,National Rail and Transportation University
Q002883,Geography,Ports,Kandla Port
Q002884,Geography,Ports,VVPAT
Q002885,Indian Polity,Constitutional Bodies,High Court
Q002886,Geography,Geomorphology,Underwater Cave
Q002887,Indian Economy,Development,Human Development Report 2005
Q002888,History of India,Harshavardhana,L.J.P.'s condition
Q002889,History of India,Dr. A.P.J. Abdul Kalam,Chronological Order as President
Q002890,General Mental Ability & CSAT,Blood Relations,Sandeep Pandey - Magsaysay Award
Q002891,History of India,Suhrawardy Brothers,Indonesia's forced leave
Q002892,History of India,Indian Independence Movement,Arundhati Roy - Booker Company Award
Q002893,Current Affairs,National,Olympic Games
Q002894,History of India,Mahajanapadas,Political Leaders
Q002895,History of India,Harshavardhana,Succession
Q002896,General Mental Ability & CSAT,Blood Relations,Family Relationships
Q002897,Geography,Rivers,Kosi River
Q002898,History of Bihar,Sher Shah Suri,Administrative Reforms
Q002899,History of India,Bhakt Movement,Religious Figures
Q002900,History of India,Mughal Empire,Mughal Rulers
Q002901,Current Affairs,Science & Technology,World Social Forum
Q002902,Indian Economy,Fiscal Policy,Fiscal Deficit
Q002903,Indian Economy,Banking,Controller of Insurance
Q002904,General Mental Ability & CSAT,Coding-Decoding,Logical Reasoning
Q002905,Indian Polity,Constitution,Articles of the Constitution
Q002906,Current Affairs,Science & Technology,World Heritage Day
Q002907,History of India,Buddhism,Ashoka
Q002908,Indian Economy,Development,Bharat Ratna Awards
Q002909,History of India,Bhakt Movement,Rabindranath Tagore
Q002910,History of India,Business & Industry,J.R.D. Tata
Q002911,Indian Polity,Federalism,Two Party System
Q002912,General Mental Ability & CSAT,Coding-Decoding,CTBT
Q002913,Indian Economy,Banking,Diesel Extraction
Q002914,Geography,Rivers,Dam Water Usage
Q002915,General Mental Ability & CSAT,Time and Work,Clock Hands Alignment
Q002916,General Mental Ability & CSAT,Blood Relations,Coding-Decoding - Clock Problem
Q002917,General Mental Ability & CSAT,Classification & Odd One Out,Triangles in a figure
Q002918,History of India,Vedic Age,Rituals
Q002919,General Mental Ability & CSAT,Mathematical & Symbol Operations,Arithmetic
Q002920,Geography,Rivers,Kosi River
Q002921,General Mental Ability & CSAT,Blood Relations,Family Relationships
Q002922,General Mental Ability & CSAT,Coding-Decoding,Word-based Coding
Q002923,General Mental Ability & CSAT,Age Problems,Relative Age Problems
Q002924,History of India,Mauryan Empire,Ashoka
Q002925,General Mental Ability & CSAT,Mathematical & Symbol Operations,Number Series
Q002926,General Mental Ability & CSAT,Mathematical & Symbol Operations,Arithmetic Series
Q002927,Mathematics — Mains,Arithmetic,Arithmetic Progression
Q002928,General Mental Ability & CSAT,Coding-Decoding,Word-based Coding
Q002929,General Mental Ability & CSAT,Classification & Odd One Out,How many triangles are there in the following figure PQRS?
Q002930,General Mental Ability & CSAT,Mathematical & Symbol Operations,"If ÷ means +, - means ÷, × means - and + means ×, then the value 𝑖𝑖"
Q002931,Geography,Direction,"Gaurav walks 20 metres towards North He then turns left and walks 40 metres, He again turns left and walks 20 metres, Further, he moves 20 metres after turning to the right. How far is he from his original position?"
Q002932,General Mental Ability & CSAT,Blood Relations,How far is he from his original position
Q002933,General Mental Ability & CSAT,Odd One Out,Gaurav
Q002934,General Mental Ability & CSAT,Mathematical & Symbol Operations,Find the missing number from the given options :
Q002935,General Mental Ability & CSAT,Odd One Out,Select the missing number from the given options :
Q002936,General Mental Ability & CSAT,Coding-Decoding,"In the following number series, what should come in place of question mark (?)"
Q002937,General Mental Ability & CSAT,Age Problems,Find the missing number from the given options :
Q002938,General Mental Ability & CSAT,Odd One Out,Read the given statement and conclusion carefully. Consider which of the following conclusion logically follows from the statement. Statement : In a one day cricket match the team scored a total of 200 runs out of which 160 runs were scored by spinners. Conclusion : 1. 80% of the players in the team were spinners. 2. The opening batsman was a spinner. Choose the correct answer.
Q002939,General Mental Ability & CSAT,Coding-Decoding,"In a code language, if GREAT is written as 718222620 and MONK is written as 13121411, then how will VIGOROUS be written in the same language?"
Q002940,General Mental Ability & CSAT,Mathematical & Symbol Operations,"Find the odd one out from the following sets : Q,W,Z,B B,H,K,M W,C,G,J M,S,V,X"
Q002941,General Mental Ability & CSAT,Coding-Decoding,Arithmetic symbol-substitution puzzles
Q002942,General Mental Ability & CSAT,Coding-Decoding,"If + means x, x means -, ÷ means + and - means ÷, then 175-25÷5+20×3+10 = ?"
Q002943,General Mental Ability & CSAT,Direction Sense,T travels to the right of Q
Q002944,General Mental Ability & CSAT,Puzzles,"A company has four branches located at M, N, O and P. M is 4 km north of N; P is 2 km south of O; N is 1 km south-east of O. What is the distance between M and P in km?"
Q002945,General Mental Ability & CSAT,Mathematical & Symbol Operations,"Find the missing number in the given series following the same pattern: 15, 20, 32, 62, 118, 248, ?"
Q002946,General Mental Ability & CSAT,Mathematical & Symbol Operations,How will the word 'MADE' be written in the same code language? (GAME' is written as '$ ÷ * %' and 'BEAD' is written as '#% ÷ ×')
Q002947,General Mental Ability & CSAT,Coding-Decoding,"In a code language, if FASTER is written as 2229212319 and MONK is written as 15161412, then how will GUIDE be written in this language?"
Q002948,Mathematics — Mains,Mensuration,A rectangle has an area 30cm<sup>2</sup> and perimeter 26 cm. Its sides (in cm) are:
Q002949,Indian Economy,Fiscal Policy,"If he charges 10% GST, then the final price of the item is:"
Q002950,Indian Polity,Constitution,Arrange the following words in a logical and meaningful order: 1. Vice President 2. President 3. Speaker 4. Prime Minister 5. Members of the Parliament
Q002951,Bihar Economy,Agriculture,"A shopkeeper offers 10% discount on an item with marked price Rs.400. If he charges 10% GST, then the final price of the item is:"
Q002952,General Mental Ability & CSAT,Logical Reasoning,Which of the following statements is false?
Q002953,General Mental Ability & CSAT,Blood Relations,"K is the mother of M, who is the only sister of H."
Q002954,Indian Economy,Development,Shashi loses 25% by selling oranges at the rate of Rs 150 per dozen.
Q002955,Mathematics — Mains,Mensuration,The lengths of the diagonals of a rhombus are 10 cm and 24 cm.
Q002956,General Mental Ability & CSAT,Rivers,A train of length 140 m is running at a speed of 60 km/hr and a dog is running in the same direction parallel to the train at a speed of 18 km/hr.
Q002957,General Mental Ability & CSAT,Time and Work,A clock is set exactly at 6 a.m. It gains 10 minutes in 24 hours.
Q002958,General Mental Ability & CSAT,Time and Work,At what time between 5 and 6 will the two hands of a watch coincide?
Q002959,General Mental Ability & CSAT,Age Problems,"Anil and Suman together can do a work in 12 days, which Anil alone can do in 20 days."
Q002960,Indian Economy,Human Development,"In a class of 55 students, 34 like to play cricket and 26 like to play badminton. Also, every student likes to play at least one of the two games."
Q002961,Mathematics — Mains,Arithmetic,What are those two natural numbers whose product is 2400 and the sum of whose squares is 5200?
Q002962,Mathematics — Mains,Numbers,How many numbers between 100 and 500 are divisible by 4. 5 and 6?
Q002963,Indian Economy,Agriculture,"In a mixture of 70 kg, the ratio of sand and cement is 4:1. How much sand should be added to the mixture so that the ratio of sand and cement in it becomes 6 : 1?"
Q002964,Mathematics — Mains,Mensuration,The perimeter of a rhombus is 52 meters and its and its shorter diagonal is 10m. The length of the longer diagonal is:
Q002965,General Mental Ability & CSAT,Mathematical & Symbol Operations,Speed and Distance
Q002966,General Mental Ability & CSAT,Coding-Decoding,Clock Problems
Q002967,General Mental Ability & CSAT,Coding-Decoding,Continued Fractions
Q002968,General Mental Ability & CSAT,Number Series,Finding the Missing Number
Q002969,Indian Economy,Development,Gross Domestic Product
Q002970,General Mental Ability & CSAT,Arithmetic,Number Problems
Q002971,General Mental Ability & CSAT,Mathematical & Symbol Operations,Finding the Missing Number
Q002972,Indian Economy,Banking,Profit and Loss
Q002973,Geography,Rivers,Train Speed and Distance
Q002974,General Mental Ability & CSAT,Coding-Decoding,Word Problems
Q002975,Indian Economy,Development,Population Growth
Q002976,General Mental Ability & CSAT,Age Problems,Calculating Population
Q002977,General Mental Ability & CSAT,Mathematical & Symbol Operations,Arithmetic symbol-substitution puzzles
Q002978,General Mental Ability & CSAT,Age Problems,Relative-age word-problems
Q002979,General Mental Ability & CSAT,Coding-Decoding,"Family-relation ""story"" puzzles"
Q002980,General Mental Ability & CSAT,Mathematical & Symbol Operations,Quantitative word-problems
Q002981,General Mental Ability & CSAT,Age Problems,Relative-age word-problems
Q002982,General Mental Ability & CSAT,Odd One Out,Number & Letter Series
Q002983,General Mental Ability & CSAT,Mathematical & Symbol Operations,Arithmetic symbol-substitution puzzles
Q002984,General Mental Ability & CSAT,Age Problems,Relative-age word-problems
Q002985,General Mental Ability & CSAT,Mathematical & Symbol Operations,Quantitative word-problems
Q002986,Mathematics — Mains,Algebra,Harmonic Mean of Roots of a Quadratic Equation
Q002987,General Mental Ability & CSAT,Age Problems,Relative-age word-problems
Q002988,General Mental Ability & CSAT,Mathematical & Symbol Operations,Quantitative word-problems
Q002989,General Mental Ability & CSAT,Mathematical & Symbol Operations,Arithmetic symbol-substitution puzzles
Q002990,Indian Economy,Agriculture,Milk Production
Q002991,General Mental Ability & CSAT,Mathematical & Symbol Operations,Quantitative word-problems
Q002992,General Mental Ability & CSAT,Coding-Decoding,Arithmetic symbol-substitution puzzles
Q002993,Mathematics — Mains,Arithmetic,The number of ways in which 12 identical pens can be distributed between two students
Q002994,Mathematics — Mains,Algebra,If and then will be
Q002995,General Mental Ability & CSAT,Mathematical & Symbol Operations,If then the value of S is
Q002996,General Mental Ability & CSAT,Mathematical & Symbol Operations,If then the value of x is
Q002997,General Mental Ability & CSAT,Quantitative word-problems,"Two trains, each of length 150 meters, are moving in opposite directions with equal speed of 90 km per hour"
Q002998,Mathematics — Mains,Combinatorics,The number of ways in which 12 identical pens can be distributed between two students
Q002999,Indian Economy,Agriculture,If the radii of circles A and B are in the ratio 1.5 : 1
Q003000,General Mental Ability & CSAT,Mathematical & Symbol Operations,One tap can fill a water tank in 3 hours and another tap can empty it in 4 hours
Q003001,General Mental Ability & CSAT,Mathematical & Symbol Operations,Coding-Decoding
Q003002,General Mental Ability & CSAT,Mathematical & Symbol Operations,Arithmetic
Q003003,Indian Economy,Development,Human Development Index
Q003004,Indian Economy,Development,National Awards
Q003005,General Mental Ability & CSAT,Mathematical & Symbol Operations,Number Calculation
Q003006,General Mental Ability & CSAT,Age Problems,Age Calculation
Q003007,General Mental Ability & CSAT,Mathematical & Symbol Operations,Consecutive Numbers
Q003008,General Mental Ability & CSAT,Mathematical & Symbol Operations,Algebraic Equation
Q003009,General Mental Ability & CSAT,Development,Profit Percentage
Q003010,General Mental Ability & CSAT,Mathematical & Symbol Operations,Ratio and Proportion
Q003011,General Mental Ability & CSAT,Mathematical & Symbol Operations,Time and Distance
Q003012,General Mental Ability & CSAT,Mathematical & Symbol Operations,Distance and Speed
Q003013,General Mental Ability & CSAT,Mathematical & Symbol Operations,If + = 𝟐𝟐 then the value of
Q003014,Geography,Rivers,the length of the longest pole that can be placed in a room 12 meters long. 9 meters wide and 8 meters high
Q003015,General Mental Ability & CSAT,Development,the value of
Q003016,General Mental Ability & CSAT,Coding-Decoding,How many prime numbers are there between 1 and 50
Q003017,Indian Economy,Development,"If , then is equal to"
Q003018,General Mental Ability & CSAT,Age Problems,In an examination every candidate takes Hindi or History or both. 66% takes Hindi and 59% took History. The total number of candidates was 3000. How many candidates takes both Hindi and History
Q003019,General Mental Ability & CSAT,Mathematical & Symbol Operations,"If , then the value of x is"
Q003020,General Mental Ability & CSAT,Mathematical & Symbol Operations,In an examination every candidate takes Hindi or History or both. 66% takes Hindi and 59% took History. The total number of candidates was 3000. How many candidates takes both Hindi and History
Q003021,General Mental Ability & CSAT,Age Problems,"The average age of 4 sisters is 7 years. If we add the age of mother, then the average increases by 6 years. Find the age of the mother"
Q003022,General Mental Ability & CSAT,Mathematical & Symbol Operations,"If , then the value of x is"
Q003023,General Mental Ability & CSAT,Coding-Decoding,"If 𝟏 yes, then S is"
Q003024,Indian Economy,Development,"A number when divided by 342 gives a remainder 47. When the same number is divided by 19, what would be the remainder"
Q003025,Indian Economy,Development,scheme/index
Q003026,Mathematics — Mains,Arithmetic,profit/loss and cost/selling price
Q003027,General Mental Ability & CSAT,Age Problems,what this question asks you to calculate
Q003028,Geography,Rivers,the specific river/project this question names
Q003029,General Mental Ability & CSAT,Mathematical & Symbol Operations,the specific mission/discovery this question names
Q003030,General Mental Ability & CSAT,Development,scheme/index
Q003031,Mathematics — Mains,Percentage,market value of each share
Q003032,General Mental Ability & CSAT,Coding-Decoding,the specific coding technique this question uses
Q003033,Indian Economy,Agriculture,investment and profit ratio
Q003034,Mathematics — Mains,Algebra,fifth value
Q003035,Indian Economy,Development,scheme/index
Q003036,General Mental Ability & CSAT,Coding-Decoding,the specific coding technique this question uses
Q003037,General Mental Ability & CSAT,Coding-Decoding,Figure-based coding-decoding
Q003038,General Mental Ability & CSAT,Coding-Decoding,"A26H. C24F, G20B"
Q003039,General Mental Ability & CSAT,Basic Numeracy,Salary Calculation
Q003040,General Mental Ability & CSAT,Mathematical & Symbol Operations,Number & Letter Series
Q003041,General Mental Ability & CSAT,Mathematical & Symbol Operations,Coding-Decoding
Q003042,Geography,Irrigation,Water Tank
Q003043,Indian Economy,Industry,Expenditure
Q003044,Mathematics — Mains,Algebra,Function
Q003045,Mathematics — Mains,Algebra,Variable
Q003046,Mathematics — Mains,Statistics,Variance
Q003047,General Science,Physics,Logarithm
Q003048,Mathematics — Mains,Algebra,Equation
Q003049,General Mental Ability & CSAT,Number & Letter Series,The series is :
Q003050,Geography,Rivers,Meghat River
Q003051,General Mental Ability & CSAT,Mathematical & Symbol Operations,Angle between two lines
Q003052,Mathematics — Mains,Trigonometry,tan
Q003053,Mathematics — Mains,Circles,Area of a circle
Q003054,Mathematics — Mains,Algebra,Value of expression
Q003055,Mathematics — Mains,Functions,Value of function
Q003056,Mathematics — Mains,Statistics,Median of a data set
Q003057,Mathematics — Mains,Matrices,Inverse of a matrix
Q003058,General Mental Ability & CSAT,Circles,Area covered by a circle
Q003059,Mathematics — Mains,Circles,Radius of a circular path
Q003060,General Mental Ability & CSAT,Coordinate Geometry,Midpoint of two points
Q003061,General Mental Ability & CSAT,Coding-Decoding,The solution to the differential equation
Q003062,General Mental Ability & CSAT,Blood Relations,Family-relation 'story' puzzle
Q003063,Mathematics — Mains,Arithmetic,The value of
Q003064,Mathematics — Mains,Arithmetic,The maximum value of
Q003065,General Mental Ability & CSAT,Mathematical & Symbol Operations,The solution to the differential equation
Q003066,General Mental Ability & CSAT,Age Problems,The point on the curve where the tangent line makes an angle of with the x axis
Q003067,General Mental Ability & CSAT,Mathematical & Symbol Operations,"A coin is thrown above the ground with a velocity of 9.8 meter per second, it will rise to the following height"
Q003068,General Mental Ability & CSAT,Mathematical & Symbol Operations,The value of the expression is
Q003069,General Mental Ability & CSAT,Blood Relations,The divisor of the expression for every integer x is
Q003070,General Mental Ability & CSAT,Blood Relations,"The point (2, 7) will be the triangle formed by (4,- 1) and (-2, 6)"
Q003071,Indian Economy,Development,"A family spends 30% of its income on food, 10% on clothes, 18% on house and 7% on others. If the monthly income of the family is Rs 4000/- then approximately how many months will it take to save Rs 15000/-"
Q003072,Mathematics — Mains,Arithmetic,"There will be ways to divide 15 men and 15 women into 15 pairs, with each pair consisting of one man and one woman, how many such pairs can be formed"
Q003073,Geography,Rivers,Kosi River
Q003074,General Mental Ability & CSAT,Mathematical & Symbol Operations,Arithmetic
Q003075,General Mental Ability & CSAT,Blood Relations,Family-relation 'story' puzzles
Q003076,General Mental Ability & CSAT,Mathematical & Symbol Operations,Arithmetic symbol-substitution puzzles
Q003077,General Mental Ability & CSAT,Mathematical & Symbol Operations,Quantitative word-problems
Q003078,General Mental Ability & CSAT,Mathematical & Symbol Operations,If then the value of 𝒇 �𝐟�𝐟(𝐱)�� will be-
Q003079,Indian Economy,Development,Human Development Index
Q003080,General Mental Ability & CSAT,Coding-Decoding,The value of the acute angle between the normals to the planes 2x and
Q003081,General Mental Ability & CSAT,Blood Relations,NONE
Q003082,Indian Economy,Development,Demand Function
Q003083,Bihar Economy,Industry,Dividend Calculation
Q003084,General Mental Ability & CSAT,Mathematical & Symbol Operations,Quadratic Equation
Q003085,General Mental Ability & CSAT,Number & Letter Series,"Given that, then x and y are respectively"
Q003086,General Mental Ability & CSAT,Mathematical & Symbol Operations,Arithmetic symbol-substitution puzzles
Q003087,Indian Economy,Development,Bihar Budget
Q003088,General Mental Ability & CSAT,Mathematical & Symbol Operations,Age Problems
Q003089,General Mental Ability & CSAT,Blood Relations,Family-relation
Q003090,General Mental Ability & CSAT,Mathematical & Symbol Operations,Arithmetic symbol-substitution puzzles
Q003091,Indian Economy,Development,Bihar Budget
Q003092,General Mental Ability & CSAT,Mathematical & Symbol Operations,Age Problems
Q003093,Mathematics — Mains,Arithmetic Progression,"The 101st term of the arithmetic progression 5, 11, 17, … is"
Q003094,General Mental Ability & CSAT,Mathematical & Symbol Operations,Arithmetic symbol-substitution puzzles
Q003095,Indian Economy,Development,Bihar Budget
Q003096,Indian Economy,Development,Bihar Budget
Q003097,General Mental Ability & CSAT,Coding-Decoding,Analogy
Q003098,General Mental Ability & CSAT,Mathematical & Symbol Operations,Arithmetic
