Question ID,Subject,Topic,Subtopic,Question
Q000011,Current Affairs,Sports,Kosi Mechi Link Project beneficiaries,How many bronze medals were won by Bihar players in the 38<sup>th</sup> National Junior Athletics Championship 2025?
Q000017,Society,Miscellaneous,Afrikaners,Afrikaners indicate the people:
Q000018,Current Affairs,Art & Culture,Stepwell in Gujarat,What is the name of the 16<sup>th</sup>-century stepwell that the Archaeological Survey of India recently conserved in collaboration with the World Monuments Fund India?
Q000021,Current Affairs,Mathematical & Symbol Operations,GSLV-F15 Mission,What is true of the GSLV-F15 mission by ISRO?
Q000023,Current Affairs,Climate Change,UN Climate Conference in Baku 2024,The UN climate conference held in Baku in 2024 concluded with an agreement that:
Q000024,Current Affairs,Nobel Prize,The Vegetarian Novel,"Awarded the Nobel Prize in Literature in 2024, Han Kang's novel 'The Vegetarian' won which other prestigious award?"
Q000025,Current Affairs,Current Affairs,Glacier,Which glacier of Nepal among the following has been declared 'dead' in May 2025?
Q000026,Current Affairs,Indian Economy,Human Development Index,"According to the UNDP Human Development Index (HDI) Report 2025, life expectancy in India increased from 58.6 years in 1990 to how many years in 2023?"
Q000028,Current Affairs,Film,Emma Stone - Academy Awards,At the 96thAcademy Awards (2024). Emma Stone won the Oscar for Actress in a Leading Role for her performance in which film?
Q000029,Current Affairs,Film,Gujarati Film - National Film Award,"Which Gujarati film won the 70<sup>th</sup> National Film Award for Best Feature Film promoting national, social and environmental values?"
Q000031,Current Affairs,Blood Relations,Family Relationship Puzzle,"Phuntsho, Karma – Bhutan 2. Nguyen Thi Ngoc Phuong – Vietnam 3. Farwiza Farhan – Indonesia 4. Miyazaki Hayao – Japan 5. Rural Doctors Movement – Thailand Ramon Magsaysay Award Establishment – Year 1957 1. This award is given in memory of Ramon Magsaysay, the seventh president of the Philippines. 2. It was established to honor outstanding work in government service or social reform taking place in Asia 3. It is also known as Asia's Nobel Prize 4. The award is presented by the Ramon Magsaysay Award Foundation. 5. It is given to individuals and organizations who have made exceptional contributions to public service in various fields 31. Which of the following statements are true about Akashteer?"
Q000033,Current Affairs,Historical Events,Holocaust Memorial Day,Which day is observed as Holocaust Memorial Day?
Q000034,Current Affairs,Literature,Banu Mushtaq - International Booker Prize,What is the title of the book by Banu Mushtaq that won the 2025 International Booker Prize?
Q000037,General Mental Ability & CSAT,Development,Human Development Index,"Percentage of children under five years of age who are underweight (child malnutrition) — an indicator of poor health and nutrition. (Statemen 1: True) 2. Percentage of adult women who are illiterate — reflects a lack of education and knowledge (Statement 2: True) 3. Percentage of births not attended by skilled health personnel — an indicator of unsafe motherhood. • Male illiteracy is not used as an indicator in this (Statement 3: Incorrect) • The unavailability of clean drinking water is part of the Human Poverty Index (HPI), not the Capability Poverty Measure (CPM). (Statement 4: Incorrect) 37. Which of the following is not among the top ten principal commodities of India's export during April-September 2024-25?"
Q000040,Current Affairs,Banking,U-WIN Portal,Which of the following statement/s is/are NOT CORRECT about the U-WIN portal of Ministry of Health and Family welfare?
Q000042,Current Affairs,Rivers,Bharatmala Pariyojana Road Length,Which state had the highest constructed road length under Bharatmala Pariyojana as of 31<sup>st</sup> October 2024?
Q000044,Current Affairs,Development,Foreign Exchange Reserves,India's foreign exchange reserves:
Q000051,Indian Economy,Bihar Economy,YUVA framework components,Which of the following is NOT one of the components under the YUVA framework of the Bihar Startup Policy 2022?
Q000053,Indian Economy,Demographic Change,Bihar's demographic trends 2041,Consider the following statements: 1. The proportion of the young population (0-19 years) in Bihar is projected to decline significantly by 2041. 2. Bihar's demographic dividend is expected to peak around 2041 3. The elderly population (60+ years) in Bihar is expected to rise more sharply than in India. Select the correct answer using the codes given below:
Q000054,Indian Economy,Labour Force,Women employment in Bihar (PLFS 2023-24),"According to PLFS 2023-24, which of the following statements best describe the nature of employment among women in Bihar?"
Q000056,Indian Polity,Attorney General,Attorney General of India,Attorney General of India:
Q000058,Indian Polity,Directive Principles,Non-Gandhian Directive Principles,Which of the following Directive Principles do not follow Gandhian Principles? 1. Organization of Village Panchayats 2. Common Civil Code 3. Promotion of cottage Industry in rural areas 4. Right to work Code :
Q000071,History of India,Mahatma Gandhi,Safety-Valve Theory,At which Viceroy was a bomb thrown on the occasion of his state entry into Delhi?
Q000072,History of India,British Rule,Bomb thrown on Lord Curzon,Who got an opportunity to become Professor of Indian Philosophy in the University of California in 1911?
Q000077,History of India,Bharti Movement,Muhammad Shafi,"""We shall either free India or die in the attempt ..."" who said it?"
Q000081,History of Bihar,Kisan Movement,Sridhar Swami,Champaran Agrarian Committee was appointed in agreement between:
Q000086,History of Bihar,Harshavardhana,Assembly at Prayag,"Match List-I with List-II List-I Event/Place (a) Chola Gangam Lake (b) Appointment of Dharma Mahamatra (c) Assembly at Prayag (d) Sudarshan Lake List-II Connected with Person (1) Chandragupta Maurya (2) Harshavardhana (3) Rajendra I (4) Ashoka Select the correct answer using the codes given below: • Chola Gangam Lake - A reservoir and maritime trading center of the Chola dynasty in South India, associated with Rajendra I. • Appointment of Dharma Mahamatras - Appointed by Emperor Ashoka to oversee the observance of Dharma and its administration in his kingdom. • Assembly of Prayag - Organized by Empero Harshavardhana, which included representative from various kingdoms and scholars and monk from different religious sects. • Sudarshan Lake - This reservoir was constructed during the reign of Emperor Chandragupta Maurya. 89. Who among the following rulers, ruled for the maximum period?"
Q000088,Art & Culture,Tulsidas,Works of Tulsidas,Which one of the following is not written by Tulsidas?
Q000090,General Mental Ability & CSAT,Constitution,Constitutional Bodies,"Match List-I with List-II. List-I (Father) List-II (Son) Select the correct answer using the codes given below: • Babur - Kamran: Kamran was the youngest of Babur's sons. • Akbar - Salim: Akbar’s most famous son was Salim, who later adopted the name Jahangir. • Shahjahan – Murad Baksh: Murad was among Shahjahan sons. • Jahangir - Khusrau: Khusrau was Jahangir's son, who played a significant role in power struggles. Note : Murad Mirza is also one of the three son’s of the Akbar. 95. Which Buddhist councilwas not held in Bihar? Only the first, second, and third Buddhist councils were held in Bihar. • First Buddhist Council: 483 BCE, after the death of Gautama Buddha, in Rajagriha (modern Rajgir) under the patronage of King Ajatashatru. • Second Buddhist Council: 383 BCE, in Vaishali under the patronage of King Kalashoka • Third Buddhist Council: 250 BCE, in Pataliputra (modern Patna) under the patronage of Emperor Ashoka. • The Fourth Buddhist Council was not held in Bihar; it was held in Kundalavana in Kashmir, under the patronage of the Kushan king Kanishka. This council is considered significant for the expansion of the Buddhist faith and the codification of it doctrines. 96. Which of the following statements about Subhas Chandra Bose are correct? 1. He was elected Pręsident of the Indian Nationa Congress at Tripuri session of 1938 A.D 2. He escaped from home internment in January 1941 A.D 3. On October 21st 1943 A.D. he constituted the Provincial Government of India in Singapore."
Q000091,History of Bihar,Nalanda University,Acharyas of Nalanda University,Who among the following was not an Acharya in The Nalanda Vishvavidyalaya?
Q000093,Bihar Economy,Newspapers,First Newspaper of Bihar,"Among the following Newspapers of Bihar, which was the first one to get published?"
Q000094,General Mental Ability & CSAT,Kisan Sabha,Dr. Rajendra Prasad,"Match List-I with List-II. List-I (Event/Organization) List-II (Related Person) (d) Kisan Sabha Bihar (4) Dr. Rajendra Prasad Select the correct answer using the code given below: Champaran Satyagraha - Dr. Rajendra Prasad: Dr Rajendra Prasad and other leaders actively participated in the Satyagraha that took place in Champaran in 1917 under the leadership of Mahatma Gandhi. • Azad Dasta - Jayaprakash Narayan: During the Qui India Movement, Jayaprakash Narayan formed the Azad Dasta in Nepal. • Individual Satyagraha in Bihar in 1940 - Shyam Narayan Singh: Shyam Narayan Singh participated in the Individual Satyagraha movement. • Kisan Sabha, Bihar - Sahajanand Saraswati: In 1929 Swami Sahajanand Saraswati formed the Bihar Provincial Kisan Sabha, which fought for the right of farmers. 101. Maginot Line exists between which countries?"
Q000095,Geography,Straits,Strait of Hormuz,Strait of Hormuz connects -
Q000108,Bihar Polity & Governance,Important Personalities,Kunwar Singh,Which ofthe following is the state animal of Bihar?
Q000111,Indian Economy,Minerals,Pyrite,Bihar produces_________ % of pyrite of whole India?.
Q000138,Indian Economy,Agriculture,Kharif Crop,Which of the following is a Kharif crop?
Q000148,History of India,Ashoka,Ashoka’s Pillar,The script written on Ashoka’s Pillar is?
Q000151,History of India,Chera Dynasty,Thamiz Khundram,The temple at Deogarh near Jhansi and the sculptures in the temple at Garhwa near Allahabad are important remains of
Q000154,History of India,Vakatakas,Praversena,Consider the following about the King “Praversena”: a. He was the real founder of Vakataka dynasty. b. His empire extended from Bundelkhand in north to Hydrabad in South. c. He succeeded his father king Vindhyshakti. d.He is mentioned in Puranas. Which of the following statements are correct?
Q000155,History of Bihar,Shishunag Dynasty,Haryak Vansh,Which ofthe following great ruler founded the “Haryak Vansh” in ancient Bihar?
Q000156,History of Bihar,Early Medieval India,Magadha,Which dynasty ruled Magadh (Bihar) after Shishunag dynasty?
Q000160,History of India,Chinese Pilgrims,Fa Hien and Hiuen Tsang,Consider the following statements: 1. Fa Hien was a Chinese pilgrim who visited India during the reign of Harsha 2. Hiuen Tsang was a Chinese Buddhist monk who visited India during the reign of Chandragupta II. Which of the statements given above is/are correct?
Q000162,History of India,Religious Movements,"Nathpanthis, Siddhas and Yogis","Nathpanthis, Siddhas and Yogis made devotional religion popular in"
Q000164,History of India,Ancient Philosophers,Nitisara by Kautilya,"Nitisara, an early book of politics, was written by"
Q000166,Geography,Religious Architecture,"Stupas, Chaityas and Viharas","In Indian art, the construction of stupas, chaityas and viharas is related to which of the following?"
Q000176,History of India,Vardhan Dynasty,Prithviraj Chauhan,Who established trade relations with the Roman Empire?
Q000179,Geography,Harappan Sites,Dholavira,Who was the founder of Chola dynasty?
Q000180,History of India,Chola Dynasty,Vijayalaya Chola,Who was the president of the first Buddhist council?
Q000199,History of India,Islamic Period,Ibn Battuta,Which of the following statements are correct? I. Kalhan's book Rajtarangini is in Sanskrit II. Ibn Battuta was appointed the Qazi of Delhi III. Padshahnama of Abdul Hamid Lahori is about the rule of Shahjahan. IV. Amir Khusro was the inventor of the sitar. V. Hamida Banu Begum wrote Humayunnama.
Q000202,History of India,Gupta Empire,Gold Currency,Who among the following first introduced gold currency on a large scale?
Q000203,History of India,Scientific Contributions,Earth's Rotation,Who among the following first explained that sunrise and sunset occur every day due to the Earth's rotation on its axis?
Q000208,History of India,Arthashastra,Kautilya,On which subject is Kautilya's book Arthashastra based?
Q000213,History of India,Chola Dynasty,Chola Period,What was the Chola period famous for?
Q000216,History of India,Harappan Civilization,Terracotta Plough,Terracotta plough was found from which of the following Harappan sites?
Q000223,History of India,Nalanda University,Kumarajiva,Who was the founder of Nalanda University?
Q000224,History of India,Greek Influence in India,Megasthenes,Who was the author of 'Indica'?
Q000227,History of India,Gupta Empire,Rudradaman I,What is the name of Kalhan's book?
Q000228,History of India,Kalhana,Rajatarangini,In which inscription various achievements of Rudradaman I are described?
Q000253,History of India,Buddhist Sects,Theravada,Borobudur is the most amazing stupa in the world and its statues and sculptures are a brilliant example of what?
Q000255,History of India,Ancient India,Torman,Hun king Torman was defeated by which Aulikar king?
Q000257,History of India,Religious Practices,Widow-Burning,Which of the following inscriptions mentions the instance of widow-burning?
Q000260,History of India,Nalanda University,Learning Center,Nalanda University was a great center of Learning especially in-
Q000262,History of India,Buddhist Philosophy,Buddha's Teachers,"Who were the first teachers of the Buddha, after his great renunciation?"
Q000264,History of India,Buddhist Sects,Kaivalya Gyan,The place where Mahavira attained complete spiritual knowledge (Kaivalya Gyan)-
Q000275,History of India,Miscellaneous,None,
Q000278,History of India,Ashpradhan system,Official,Match the following in context of Ashpradhan system of Maratha rulers: Official Choose the correct option
Q000280,History of India,Mughal Ports,Babul Makka,Which of the following ports was called Babul Makka (Gateway to Makka) during the Mugha period?
Q000281,History of India,Mughal Period,Nowruz,Who among the following introduced the Persian festival Nowruz in India?
Q000282,History of India,Mughal Rulers,Futuhat-i-Alamgiri,Futuhat-i-Alamgiri was written by?
Q000284,History of India,Vijayanagara Empire,Nagalapuram,"Who among the following famous rulers founded a suburban township of Nagalapuram, near Vijayanagra, after his mother’s name?"
Q000292,History of India,Vijayanagara Empire,Founder of Vijayanagara Empire,Who was the founder of the Vijayanagara Empire?
Q000303,Art & Culture,Mughal Painting,Zenith,Mughal painting reached its zenith under
Q000308,Art & Culture,Bhakti Movement,Chishti Sect,Who established the Chishti Sect (Silsilah) in India?
Q000310,History of Bihar,Bhakti Movement,Bhakhtiyar Khilji Invasion,The earliest description of Bhakhtiyar Khilji invasion of Bihar is ir
Q000315,History of India,Sher Shah Suri,Sher Shah Suri - Akabar of Kashmir,Which Sultan was reputed to be ‘Akbar of Kashmir?
Q000316,History of India,Vijayanagara Empire,Remains of Vijayanagara Empire,Where are the remains of Vijayanagara Empire found?
Q000317,History of India,Ancient India,Use of Paper in India,Who was the first Muslim ruler to formulate the ‘theory of kinship’ similar to the ‘theory of divine right of the kings’?
Q000323,History of India,Bahmani Kingdom,Founder of Bahmani Kingdom,Who was the founder of Bahmani kingdom?
Q000347,History of Bihar,Chaulukyas of Gujarat,Ibn Batuta,Who was deputed for the conquest of Dyarasamudra by Ala-ud-din Khalii?
Q000351,History of India,Chittor,Raja Lakama,Who was the ruler of Chittor during Alauddin Khilji's invasion?
Q000352,History of India,Mughal Administration,Chief Kazi,"In the Mughal administration, 'Chief Kazi' was -"
Q000354,History of India,Khilji Dynasty,Alauddin Khilji,Who was the first ruler of Khilji dynasty?
Q000355,History of India,Santhal Rebellion,Soren Sen,The Tribal Movement-Santhal hool (Rebellion) took place in
Q000356,History of India,British Education System,Lord Macaulay,When did Macaulay issue his famous minute on Indian Education?
Q000357,History of India,Indian National Congress,Dadabhai Naoroji,In 1901 who has published the book ‘Poverty and Un-British Rule in India’?
Q000359,Indian Polity,Indian National Congress,C Rajagopalachari,Who became the President of Indian National Congress when Subhash Chandra Bose resigned in 1939 ?
Q000360,Indian Polity,Indian National Congress,Jawaharlal Nehru,Who was the first Muslim President of Indian National Congress ?
Q000361,History of Bihar,Revolt of 1857,Kunwar Singh,Match List -1 of leaders with List-of II their territory and select answer from the code given below: List-I List-II a. Kunwar Singh i. Faizabad b. Hazrat Mahal ii. Bareilly c. Khan Bahadur iii. Jagdishpur d. Maulvi Ahmadullah iv. Lucknow Code: Answer– (C) iii iv ii i 8. Who first described the Revolt of 1857 as the ‘First Indian War of Independence’ ?
Q000362,Geography,Forts,Fort William College at Calcutta,Fort William College at Calcutta was established in?
Q000363,Indian Economy,Viceroy's Decentralization,Economic Structure,Which Viceroy decentralized the colonial economic structure in India?
Q000364,History of India,Social Reformers,Gulam Giri,Who is the author of the famous book ‘Gulam Giri’?
Q000365,Indian Polity,Vernacular Press Act,Press Control,The Vernacular Press Act allowed?
Q000366,Indian Economy,Trade Unions,All India Trade Union Congress,All India Trade Union Congress formed in the year?
Q000367,History of India,Indian National Congress,Gaya Session 1922,Which newspaper wrote the following about the possible future role of the Indian Natinal Congress: ‘...is the nucleus of a future Parliament of country ... and will lead to the go of inconceivable magnitude for countrymen’ ?
Q000370,Indian Polity,Indian National Congress,President Gaya Session 1922,Who was the President of the Indian National Congress at the Gaya Session of 1922?
Q000371,Indian Economy,Social Reformers,Brahma Samaj,"Match List-I of social reformers with List-II of their societies and choose answer from the code given below: List- I List-II a. Brahma samaj Vishnu Shastri Pandit b. Ramkrishna Mission Swami Vivekananda c. Servants of Raja Rammohan Roy India Society d. Vidhwa Vivah Samaj Gopal Krishna Gokhale Code: Answer– (B) iii ii iv i 1. Brahmo Samaj- Founded by Raja Ram Mohan Roy in 1828 Against superstition, Sati system etc 2. Ramakrishna Mission—by Swami Vivekananda in 1897. For spiritual and social service 3. Servants of India Society—by Gopal Krishna Gokhale in 1905. For social service and education 4. Widow Marriage Society— Pandit Vishnu Shastri started a movement in support of widow remarriage. 19. Match the List - I of authors with List-II of the books on 1857 and choose answers from the code given below: List – I List-II a. V. D. Savarkar i. The First War of Independence b. S. N. Sen ii. The Peasant and the Raj c. Eric Stokes iii. Civil Rebellion in the Indian Mutiny d. S.B. Chaudhary iv. Eighteen Fifty-Seven Code: Answer– (C) i iv ii iii • V. D. Savarkar called the 1857 revolt as India's 'First War of Independence'. • He said that this rebellion was a well-planned freedom struggle fought for national independence. 20. Which of the following State was not annexed under Lord Dalhousie's Doctrine of Lapse?"
Q000372,History of India,Azad Hind Fauz (INA),Not associated with Azad Hind Fauz (INA),Who among the following is not associated with Azad Hind Fauz (INA)
Q000382,Indian Economy,Agriculture,"Muslim League - Direct Action Day (August 16, 1946) - Calcutta",Match the List - I with List - II and choose the correct answer: The correct matching is as follows- Organization • Swadeshi Sevak Home • United India House • Yugantar Ashram San • INA or Azad Hind Fauj Headquarters Vancouver Seattle Francisco Rangoon 32. When did Muslim League observed “Direct Action Day”?
Q000388,History of India,World War II,Allied Support,"In October 1943, Subhash Chandra Bose set up a provisional government of free India which was recognized by how many countries including Japan?"
Q000389,History of India,World War II,Axis Powers Support,"Japan 2. Germany (Nazi Germany) 3. Italy (Fascist regime) 4. Croatia 5. Thailand 6. Manchukuoka (Manchuria- puppet queen installed by Japan) 7. Azerbaijan (German backed regime) 8. Philippines (Japan backed regime) 9. Korea (Japanese rule) 41. Under the Royal Titles Act, Queen victoria became the empress of India in"
Q000390,History of Bihar,Social Movements,Wood's Dispatch,Consider the following statements regarding Wood’s Dispatch of 1854 : 1. It recommended English as the medium of instruction for higher studies. 2. It emphasized on female education and vocational training. Which of the statements given above is/are correct?
Q000391,History of India,British Administration,Lord Mayo,It recommended English as the medium of instruction for higher studies. 2. It laid emphasis on women's education and vocational training. 3. Suggested introducing local languages in primary schools in India. 43. Which of the following statement about the Vernacular Press Act is/are correct? 1. It was enacted by Lord Lytton 2. It came to be known as the ‘Gagging Act’. 3. The Act was repealed by Lord Ripon. Select the correct answer using the code given below.
Q000392,History of India,British Administration,Lord Mayo,Which of the following statements about Lord Mayo’s Resolution of 1870 are correct? 1. It was the first step that bifurcated Central and Provinical finances. 2. Provincial Governments were empowered to administer certain services. 3. It attempted to rectify the existing imparity 4. It focused on the actual needs of the Provinces Select the correct answer using the code given below.
Q000393,History of India,British Administration,Lord Mayo,"This was the first step to divide central and provincial finances. 2. Provincial governments were given the power to administer some services. 3. It attempted to rectify the existing inequality 4. It focused on the real needs of the provinces Lord Mayo (1869-72) • Mayo College (1872) was established in Ajmer by him. • During his tenure, Indian Statistical Survey and the Department of Agriculture and Commerce were established. • The first census of India took place in 1872 • On February 8, 1872, Sher Ali Afridi (an Afghan) stabbed him to death. 45. Match List-I with List-II :- List- I List- II (Explorers) (Birth Place) a. Christopher Columbus 1. Portugal b. Jacques Cartier 2. United Kingdom c. Sir Francis Drake 3. Italy d. Ferdinand Magellan 4. France Select the correct answer using the code given below. Answer – (D) a b c d 3 4 2 1 List-1 (Explorers) List-II (Place of Birth) • Christopher Columbus - Italy • Jacques Cartier France • Sir Francis Drake United Kingdom • Ferdinand Magellan - Portugal 46. Consider the following events during India’s Freedom Struggle : 1. Home rule movement 2. Surat Split 3. Kheda Satyagraha 4. Minto-Morley Reforms Which of the following is the correct chronological order of the events given above?"
Q000394,History of India,Social Movements,Home Rule Movement,Lord Lytton is not associated with which of the following?
Q000386,Indian Polity,Bihar Polity & Governance,Bihar Legislature,During the Quit India Movement parallel ‘NationalGovernment’ was established at many places. Which of the following is not correctly matched?
Q000398,History of India,Indian National Congress,"List-I and List-II matching – Gopal Krishna Gokhle, Ram Mohan Roy, Keshab Chandra Sen","Match List-I with List-II: List- I List- II a. Servants of India Society 1. Debendranath Tagore 2. Gopal Krishna Gokhle b. Tattwabodhini Sabha 3. Ram Mohan Roy 4. Keshab Chandra Sen c. Atmiya Sabha Select the correct answer using the code given below. Answer – (D) a b c 2 1 3 List- I List- II 52. Ambabai, a woman freedom fighter, belonged to wich of the following States of India? (A Andhra Pradesh Answer – (B) Karnataka Freedom fighter Ambabai was a native of Karnataka. She was 12 when she got married and she lost her husband when she was 16. • Despite these adverse circumstances, she joined the fight for Indian independence. • During the movement they protested against liquor and foreign clothes shops in Udupi. 53. Who among the following was not the member of the Cabinet Mission?"
Q000400,History of India,Indian National Congress,1906 Calcutta Session – Fundamental Rights resolutions,"In which of the following Indian National Congress sessions, the resolutions related to the Fundamental Rights were passed for the first time?"
Q000402,History of India,Swadeshi and Boycott,First adoption during the 1906 Calcutta Session,The Swadeshi and Boycott were adopted as the methods of struggle for the first time during the
Q000403,History of India,Indian National Congress,Bal Gangadhar Tilak unfurled the Flag of Swaraj,"At the Calcutta Session of the Indian National Congress (INC) held in 1906, the Flag of Swaraj for India was unfurled by"
Q000404,History of India,Parallel Movements,"Princely States – Kashmir, Nizam’s Hyderabad, Travancore","During the freedom struggle, a parallel movement launched in the Indian State (in the States ruled by the India rulers such as Kashmir, Nizam’s Hyderabad, Travancore, etc.) was"
Q000405,History of India,Freedom Struggle,Incorrect statement – Only upper castes took part,Which of the following statements about the Indian freedom struggle is not true?
Q000406,History of India,Indian National Congress,The Review – Abul Kalam Azad’s journal,Which one of the following was a journal brought out by Abul Kalam Azad?
Q000407,History of India,History and Nationalism,Study of history created a sense of shared identity and heritage,How did the study of history help in creating a feeling of nationalism in India towards the end of the 19th century?
Q000408,History of Bihar,Non-Cooperation Movement,Participation of only upper castes and rich in towns,"Which of the following statements are not correct regarding the Non-Cooperation movement in the towns? 1. Only the upper castes and the rich took part in the movement 2. The council elections were boycotted even by the Justice Party of Madras. 3. Thousands of students left government- controlled schools, headmasters and teachers resingned and lawyers gave up their practice."
Q000409,History of Bihar,Bihar Current Affairs,Vinoba Bhave,"""A Sanyasi who came to that district after a spell as an indentured labourer in Fiji. Carrying a copy of Tulsidas Ramayana on his back from which he would recite verses to rural audience.: The peasant leader referred to here is"
Q000415,History of India,Bharti Movement,Vinoba Bhave started individual Satyagraha,"In 1940, Vinoba Bhave started individual Satyagraha from"
Q000417,Indian Polity,Constitutional Development,Cabinet Mission's objectives,The Cabinet Mission was sent to India for which of the following? 1. To established a national government 2. To work out a constitutional arrangement for the transfer of power 3. To work out the details of Jinnah’s demand for Pakistan
Q000418,History of Bihar,Social Reforms,William Bentinck's social reforms,Which of the following were the social reforms introduced by William Bentinck? 1. Abolition of sati practice 2. Abolition of slavery 3. Removal of disabilities due to change f religion 4. Suppression of organized gangs of Thugs Select the correct answer from the code given below:
Q000419,History of Bihar,Annexation of Sindh,Sind was conquered and annexed by the British,Sind was conquered and annexed by
Q000424,History of India,Mahatma Gandhi,"Sukhdev, Bhagat Singh and Rajguru",Who is known as ‘Frontier Gandhi’?
Q000426,History of India,Bhagat Singh,Person who said about Bengal Partition,"Who has said about Bengal Partition, “The Partition announcement fell like a bomb shell""?"
Q000430,Current Affairs,Indian National Movement,Gandhi-Irwin Pact year,In which year the famous 'Gandhi-Irwin Pact took place?
Q000438,History of India,Indian National Congress,Annie Besant,The first women President of the Indian National Congress was
Q000439,History of India,Indian National Congress,Jayaprakash Narayan,Who started the journal 'Bahishkrit Bharat'?
Q000440,History of India,Indian National Congress,Lahore Session 1929,Which of the following events happened first?
Q000442,History of Bihar,Indian National Congress,Sukhbai Mehta,"One of the leaders of the Revolt of 1857 AD, Kunwar Singh was related to which place?"
Q000443,History of Bihar,Revolt of 1857,Kunwar Singh,"During Quit India Movement, who among the following escaped from the Hazaribagh Jail?"
Q000444,History of India,Quit India Movement,Jayaprakash Narayan,Who was the President of Gaya Session of the Indian National Congress held in 1922 AD?
Q000475,History of Bihar,Munda Revolt,Baidar Naik,Who was the leader of Munda Revolt?
Q000476,History of India,Social Movements,Munda Revolt,Who established the 'Arya Samaj'?
Q000477,Art & Culture,Bhakti Movement,RSS,Who was to receive first 'Bharat Ratna'?
Q000478,Indian Polity,Indian National Congress,Bharat Ratna Recipients,Who was the second Muslim President of the Indian National Congress?
Q000479,History of India,Indian National Congress,University Commission (1902) Members,"In 1902, Lord Curzon appointed the University Commission including two Indian members. Who were they?"
Q000485,History of India,Quit India Movement,All India Azad Dasta at Bakri ka Tapu,All India Azad Dasta at Bakri ka Tapu was organized during the Quit India Movement by
Q000497,History of India,Social Reform,Servants of India Society,Who established the 'Servants of India Society'?
Q000498,History of India,Revolutionaries,Kakori Train Robbery Case,Which revolutionaries were hanged in the ‘Kakori Train Robbery Case’?
Q000500,History of India,Social Reform,Satyashodhak Samaj,Who founded 'Satyashodhak Samaj'?
Q000501,History of India,Social Reform,Annie Besant,Who was the first woman president of the Indian National Congress?
Q000503,History of India,Social Reform,Suppression of Thugs,The Viceroy who followed aggressive policy towards Afghanistan was
Q000506,History of India,Indian National Congress,Presidents of Indian National Congress,Who was the President of the Indian National Congress at the time of the partition of India?
Q000509,Geography,Ports,Portuguese Factories in India,Where was the first Portuguese factory established in India?
Q000510,Agriculture,Ryotwari System,Thomas Munro,Who started the Ryotwari system in Madras?
Q000512,History of India,Indian National Congress,First Indian Woman President,In which year did an Indian woman become the President of the Indian National Congress for the first time?
Q000513,Bihar Polity & Governance,Instrument of Accession,Kashmir's Accession,Which of the following statements are correct? I. Laik Ali was the President of the Nizam's Executive Council II. 'Operation Polo' against Hyderabad lasted for 48 hours. III. The State of Kashmir signed the Instrument of Accession on 15-08-1947 IV. Shah Nawaz Bhutto was the last Diwan of Junagadh State. V. K. M. Munshi was appointed by the Government of India as its agent in Hyderabad Code
Q000515,History of India,Indian National Congress,Establishment of Indian Association,Who established the Indian Association?
Q000516,History of India,Muslim League,Acceptance of Self-Rule,When did the Muslim League accept the objective of self-rule within the empire?
Q000519,General Mental Ability & CSAT,Development,Farmer leader Motilal Tejawat,Who was/were the persons related to the 'Zimmerman Plan'?
Q000524,History of India,Bharti Movement,Who began the 'Faraizi Movement'?,Who began the 'Faraizi Movement'?
Q000525,History of India,Social Issues,Who wrote the book ‘Poverty and Un-British Rule in India’?,Who wrote the book ‘Poverty and Un-British Rule in India’?
Q000533,History of India,Bengal School of Nationalists,Kesari,"Identify the correct combination from the options given below for Prarthana Samaj, Young India, Lokhitwadi, Satyashodhak Samaj, Rahnumai Mazdayasan Sabha :"
Q000534,Art & Culture,Social Reform Movements,Prarthana Samaj,"From the options given below, find the correct combination of the names of Editors of the nationalist newspapers The Hindu, Kesari, Bengalee, Hindustani, Sudharak :"
Q000536,History of India,Revolutionary Movement,Bhagat Singh's Bomb Throwing,How old was Bhagat Singh when he threw a bomb in the assembly in protest against the government?
Q000538,Geography,Tribal Movements,Munda Rebellion,At which territory did tribals rebel against the British?
Q000539,Indian Polity,British Colonial Policies,White Man’s Burden,"“So always with the assent and often to the dictates of the Chamber of commerce, the Government of India is carried on, and this is the ‘White Man’s Burden’.” Who said this?"
Q000541,History of India,Social Issues,Bhangi Mulakal,"Gandhiji's Non-Cooperation Movement, urged people to avoid alcohol. This resulted in a serious loss of revenue for the government. The government of a province circulated a list of prominent individuals who drank alcohol as a device to persuade people to start drinking again. Name the province."
Q000545,History of Bihar,Moplah Rebellion,1921,The Moplah Rebellion of 1921 broke out in
Q000546,History of India,Swadeshi Movement,1905-1911,The Swadeshi Movement took place in India during
Q000552,History of India,Indian National Congress,Round Table Conferences (1930),The Indian National Congress did not take part in which of the following Round Table Conferences?
Q000555,History of India,Mahatma Gandhi,Pamphlet 'Now or Never',Who wrote the pamphlet 'Now or Never'?
Q000556,History of India,Social Reform,Declaration of 'Sati' illegal,Who declared 'Sati' illegal?
Q000560,History of Bihar,Revolt of 1857,Leaders of the revolt in Bihar,Who was the leader of the revolutionaries in Bihar during the revole of 1857?
Q000561,History of Bihar,All India Kisan Sabha,First President of All India Kisan Sabha,Who was elected the first president of All India Kisan Sabha in Lucknow in 1936?
Q000562,History of India,Social Reform,Montague-Chelmsford Act,"'In my belief, Congress is to tottering to its fall and one of my great ambitions while in India is to assist it to a peaceful demise.” Who wrote it?"
Q000563,History of India,British Administration,Sir Michael O’Dwyer assassination,"Sir Michael O’Dwyer was shot dead on 13<sup>th</sup> March, 1940 in London by :"
Q000567,History of India,Revolutionary Movements,Chittagong Armoury Raid,The Chittagong Armoury Raid had been planned by :
Q000568,History of India,Revolutionary Movements,Anandchetty,Which journal was not associated with the revolutionary activities?
Q000571,History of India,Revolutionary Movements,B.R. Ambedkar,Who organized the 'Khudai Khidmatgar' in 1929?
Q000575,History of India,Peasant Movements,Akhil Bhartiya Kisan Congress,Akhil Bhartiya Kisan Congress was founded in :
Q000582,History of India,Social Issues,Indian National Congress,Who was the first Indian woman president of the Indian National Congress?
Q000583,History of India,Social Issues,Madam Cama,Where did Madam Cama hoist the first tricolour flag in 1907?
Q000584,History of India,Social Issues,Tricolour Flag,Who founded the Pagal Panthi?
Q000585,History of India,Social Issues,Pagal Panthi,Who were the Faraizis?
Q000586,History of India,Social Issues,Faraizis,The correct geographical location for the Ramosi Uprising was
Q000592,History of India,Social Reform,Katherine Mayo,"What was the common relationship between Katherine Mayo, Aldous Huxley, Charles Andrews and William Digby?"
Q000593,History of India,Nationalist Movements,Bhagat Singh,Who penned the following lines? “Sarfaroshi ki tamanna ab hamare dil me hai/Dekhna hai zor kitna baju-e-qatil me hai”.
Q000596,History of India,Social Reform,Swami Sahajanand Saraswati,Swami Sahajanand Saraswati formed the All India United Kisan Sabha with the demand for the ‘nationalization of land and waterways’.
Q000599,History of India,Social Reform,1909,Madras Mahajan Sabha was established in
Q000605,History of India,Bharti Movement,Sher Shah Suri,Who among these was famous as 'Sher-e-Punjab'?
Q000610,History of India,Social Reform,Prarthana Samaj,Who was the founder of 'Prarthana Samaj'?
Q000611,History of India,Renaissance,Father of Indian Renaissance Movement,Who was the father of Indian Renaissance Movement?
Q000612,History of India,Social Reform,Founder of 'Swaraj Dal',Who founded 'Swaraj Dal'?
Q000620,Indian Polity,Panchayati Raj,73rd Amendment,In which year did Lord Curzon cancel the partition of Bengal?
Q000623,Indian Economy,Agriculture,Land Reforms,Why did Mahatma Gandhi support the Khilafat movement?
Q000624,History of India,Bharti Movement,Khilafat Movement,The method of movement of the moderate party leaders of Congress was:
Q000639,Art & Culture,Bhakti Movement,Mahavir Singh,'Satyarth Prakash' was composed by
Q000647,Indian Economy,Agriculture,All India Trade Union Congress – Bombay,When was the All India Trade Union Congress established in Bombay?
Q000661,Indian Economy,Bihar Economy,Indigo Movement,What is the chronological sequence of the following movements? 1. Deccan Riots 2. Indigo movement 3. Movement against land alienation in Punjab 4. Patni Movement Select the correct answer using the code given below.
Q000665,History of Bihar,Patni Movement,Movement against Land Alienation,Who among the following were responsible for ‘Eka Movement’?
Q000669,Indian Polity,Constitutional Development,Poona Pact Transfer,When was the Poona Pact transferred?
Q000674,History of Bihar,Bihar Polity & Governance,Jawaharlal Nehru,“…..the turning point in Jawaharlal’s ‘mental development’ came with his active participation in the Brussels Congress against colonial oppression and imperialism in February 1927.” Who wrote these words?
Q000682,History of India,Sati Prohibition,Prohibition of Sati Act,When was the Prohibition of Sati Act passed in India?
Q000683,History of India,Social Issues,Thugs,Who is credited with the suppression of Thugs in India?
Q000684,History of Bihar,Mahatma Gandhi,Champaran Satyagraha,When was Mahatma Gandhi tried for the Champaran Satyagraha?
Q000694,History of India,Social Issues,Translation of Nil Darpan,Who had translated the Bengali play Nil Darpan into English?
Q000700,History of India,Bhagavad Gita,Quote by Krishna,"""Remember once again, now that this flag is unfurled, it must not be lowered as long as a single Indian, man, woman, or child lives in India,” Who said this?"
Q000704,History of India,Swadeshi Movement,1905-1911,In which of the following periods did the 'Swadeshi Movement' started in India?
Q000706,History of India,British Rule,Lord Hastings,Who started the 'Red Shirts Movement' to uproot the British from India?
Q000713,History of India,British Rule,Lord Curzon,Who was the Viceroy of India at the time of partition of Bengal in 1905 AD?
Q000714,History of India,Social Reform,Gandhi's Return to South Africa,Which of the following events brought fame to Mahatma Gandhi on his return to South Africa?
Q000716,History of India,Social Reform,Arya Samaj Foundation,Arya Samaj was founded by Swami Dayanand in-
Q000717,History of India,Theosophical Society,Helped by Madame Blavatsky,'Who founded the Theosophical Society?
Q000722,Indian Polity,Indian National Movement,Gandhiji entered Indian politics,Gandhiji entered Indian politics -
Q000723,History of India,Indian National Congress,President of Indian National Congress in 1947 AD,Who was the President of Indian National Congress in 1947 AD
Q000724,History of India,Patna College,When was the Patna College established?,When was the Patna College established?
Q000725,History of Bihar,Formation of Bihar,When was the Bihar State formed?,When was the Bihar State formed
Q000727,History of Bihar,Birsa Munda,Revolt of Birsa Munda,Where did the revolt of Birsa Munda take place ?
Q000739,Art & Culture,Sufi Movement,Naqshbandi,Munger Hilly region is a part of which of the following physiographic region?
Q000743,History of Bihar,Social Issues,Dr. Rai Sahib Kunwar Singh,The writer of the book 'Gareeb Hindustan' which was a critique of British policies and was banned by the British in Bihar in 1930 was-
Q000744,History of Bihar,Economic Impact,Gareeb Hindustan,How much does agriculture contribute to the gross domestic product (GDP) of Bihar?
Q000748,History of Bihar,Bihula Festival,Champaran District,Bihula Festival is celebrated especially in which one of the following districts in Bihar usually in the month of August each vear?
Q000751,Current Affairs,Social Issues,Scheduled Caste,"Which community was categorized as Scheduled Caste (SC) by a 2015 Bihar government notification which was quashed in July 2024 by the Supreme Court, ruling that states cannot make changes to the SC list published under Article 341 of the Constitution?"
Q000753,Art & Culture,Maithili Language,Reign of Pala Dynasty,The Maithili language was started to develop during the reign of which of the following?
Q000756,Society,Handicrafts,Sujini,"Consider the following statements regarding the Vikramshila University in Bihar : 1. It was located in the present-day Banka district of Bihar. 2. It was established by King Gopal I of the Pala dynasty. 3. The Vajrayan sect of Buddhism flourished here. 4. Other subjects like Astronomy, Logic, Law, Grammar and Philosophy were also taught here. Which of the statements given above are incorrect?"
Q000761,Bihar Economy,Population,Gaya district population,What is the current population of Gaya district of Bihar?
Q000762,History of Bihar,Bakasht Movement,Bakasht Movement organizers,The Bakasht movement in Bihar during 1937-1938 was organised by whom?
Q000763,History of Bihar,Dutch East India Company,Dutch East India Company's establishment at Patna,The Dutch East India Company established its factory at Patna in which year?
Q000764,History of Bihar,Indian National Movement,Bihar Kesari – Lal Behari Dayal,The Quit India movement in 1942 witnessed significant contributions from leaders of Bihar. Which prominent Bihar leader was known as the ‘Bihar Kesari’ and actively participated in the Quit India Movement?
Q000765,History of Bihar,Bhakti Movement,Cook who saved Gandhi's life,The cook from Bihar who saved Mahatma Gandhi’s life from a murder attempt by food poisoning in 1917 was
Q000766,Current Affairs,Current Affairs,Bihar's plan to make the state pollution-free,By which year has the Bihar government planned to make the state of Bihar pollution-free by reducing carbon emissions?
Q000768,History of Bihar,Bihar Politics,Resignation of Krishna Singh Government,The elected Government of Bihar formed by Shri Krishna singh resigned in February 1938 for which reason?
Q000770,History of Bihar,Non-Cooperation Movement,Leaders,Who led cultivators in Bihar during the Non-Cooperation Movement?
Q000771,History of Bihar,Swaraj Dal,Founders,Who founded Swaraj Dal in Bihar?
Q000772,History of Bihar,Governors,First Governor,Who among the following was the first Governor of Bihar?
Q000773,History of Bihar,Mahatma Gandhi and Bihar,Author,"Who was the author of Mahatma Gandhi and Bihar, Some Reminiscences?"
Q000774,History of Bihar,Churches,Oldest Church,Which is the oldest church of Bihar?
Q000775,History of Bihar,Cities,Kumudlal Ganguly,"The late actor Kumudlal Ganguly, also known by his stage name Ashok Kumar, was born in which of the following cities of Bihar?"
Q000776,General Mental Ability & CSAT,Patna Women’s College,Founding Society,"In 1940, Patna Women’s College was founded by which of the following societies?"
Q000777,History of Bihar,Railway Stations,Bhagalpur to Mirza Cheuki,Which of the following states of India borders with maximum number of districts in Bihar?
Q000778,Geography,Borders,States bordering Bihar,Which of the following is the last railway station of Bihar in the train route from Bhagalpur towards Mirza Cheuki?
Q000779,Geography,Mineral Production,"Pyrites, Limestone, Gold","With reference to mineral production in Bihar, consider the following statements: 1. Rohtas has the highest deposit of pyrites. 2. Limestone is found in Kaimur (Bhabhua), Munger and Rohtas districts. 3. Gold deposits are found in Jamui district. Which of the above statements is/are correct?"
Q000784,Bihar Economy,Development,Urbanization,"According to the Economic Survey of Bihar, 2021- 22, what is the level of urbanization in the state at present?"
Q000793,History of Bihar,Bihar Polity & Governance,Bihar Revolt of 1915,In which year the Chauri Revolt of Bihar took place?
Q000803,Bihar Economy,Fiscal Policy,Fiscal Deficit - 3.3% of GSDP,Choose the correct order of the following districts of Bihar as per the ascending level of urbanization.
Q000820,History of India,Rebellions,Santhal Rebellion - 1855 AD,Who was the leader of the Santhal Rebellion of 1855 AD?
Q000823,History of India,Revolutionary Movements,Anushilan Samiti - 1913 AD,Who established a branch of Anushilan Samiti in 1913 AD?
Q000824,History of Bihar,Political Parties,Bihar Socialist Party - 1931 AD,Who had formed the Bihar socialist Party in 1931 AD?
Q000828,Geography,Geographical Features,Brahmayoni Hill - Nalanda,Brahmayoni Hill is located in which district of Bihar?
Q000832,History of Bihar,Jayaprakash Narayan,Title given to him,Which title was given to Jayaprakash Narayan?
Q000836,History of Bihar,Bihar Politicians,First Lok Sabha election,Bihar politician late Raghuvansh Prasad Singh was for the first time elected to which Lok Sabha?
Q000837,History of Bihar,Gandhiji's Satyagraha,First Satyagraha movement in Champaran,Who drew Gandhiji's attention to the plight of indigo farmers in Champaran?
Q000840,History of Bihar,Bhakti Movement,Gandhiji's first Satyagraha movement,"Which of the following was Gandhiji's first Satyagraha movement in India, in which he used civil disobedience?"
Q000841,History of Bihar,Bihar Revolt of 1857,Mangal Pandey,Who led the rebellion of 1857 in Bihar?
Q000842,Geography,Tribes of Bihar,Munda Tribe,Which of the following pairs of tribe and district is not correct?
Q000843,Geography,Forest Area,Forest Percentage,The percentage of total forest area in comparison to the total geographical area of Bihar state is-
Q000844,Geography,National Parks,Valmiki National Park,In which of the following districts is the only national Park of Bihar located?
Q000846,Geography,Soil Types,Piedmont Swamp Soil,In which of the following districts of Bihar is Piedmont Swamp soil found?
Q000855,Geography,Bihar,Which city of Bihar is surrounded by five hills?,Which city of Bihar is surrounded by five hills?
Q000856,History of India,Bihar Polity & Governance,"The first President of India, Dr. Rajendra Prasad was from which state?","The first President of India, Dr. Rajendra Prasad was from which state?"
Q000857,History of India,Bihar,Where was the sixteenth session of Bihari Students Conference held?,Where was the sixteenth session of Bihari Students Conference held?
Q000868,Bihar Economy,Development,Bihar State Gross State Value Added (GSVA) 2018-19,What was the growth rate of Bihar economy in the year 2018 – 19 at constant prices?
Q000872,History of Bihar,Bhakti Movement,Golden League established in Deoghar,When did Kunwar Singh entered Jagdishpur?
Q000874,History of Bihar,Yusuf Shah Chak,buried in,'Bihar Herald' was started in 1875 AD -
Q000884,History of Bihar,Bhakti Movement,Bhagalpur Salt Satyagraha,"Population of Bihar – 10,40,99,452 2. Sex ratio – 918 3. Population Density – 1106 4. Literacy – 61.80% 5. Male literacy – 71.21% 6. Female literacy – 51.50% 163. Who led the Salt Satyagraha in Bhagalpur?"
Q000885,History of Bihar,Bhakti Movement,Ambari Satyagraha,Who led the 'Ambari Satyagraha' in Bihar in 1939?
Q000886,History of Bihar,Social Reform,Searchlight Newspaper – Editor,Who was the editor of Searchlight newspaper in Bihar?
Q000887,History of Bihar,Bihar Socialist Party,Formation – 1931,Who formed 'Bihar Socialist Party' in 1931?
Q000888,History of Bihar,Revolt of 1857,Rebellion Leaders – General”}]} 10. Patna,Who led the rebellion of 1857 in Bihar?
Q000893,History of Bihar,Bihar Provincial Kisan Sabha,Formation,Who formed Swaraj Dal in Bihar?
Q000897,Indian Economy,Human Development,Child Sex Ratio (Census 2011) - 910,The growth rate of tertiary sector in Bihar during the year 2017-18 was
Q000898,Bihar Economy,Gross State Domestic Product (GSDP),2017-18 - 6.47 Trillion Rupees,The Gross State Domestic Product (GSDP) of Bihar state at current prices in the year 2017-18 was-
Q000899,Bihar Polity & Governance,Important Personalities,Fagu Chauhan - Oath Administration,Who was the Chief Justice of Patna High Court who administered the oath of office to Shri Fagu Chauhan as the Governor of Bihar in July 2019?
Q000900,History of Bihar,Bihar Day,Celebration Date - 22 March,"'What is the significance of Bihar Day, which is celebrated every year on 22 March?"
Q000909,History of Bihar,Bhakti Movement,Farmers' Resistance,The famous cattle fair of Bihar is organized on Kartik Purnima.
Q000918,Bihar Economy,Bihar Agriculture,Kisan Kya Kare,Who wrote “Kisan Kya Kare”?
Q000924,Bihar Polity & Governance,Bihar Current Affairs,Champaran Satyagraha,Who presented the plight of indigo farmers of Bihar in the 1916 Lucknow session of the Indian National Congress?
Q000929,History of Bihar,Bihar Economy,Bihar's Separation from Bengal,When did Bihar become an seperate state in India?
Q000930,History of Bihar,Bihar Polity & Governance,Formation of Bihar and Orissa Province,Who invited Gandhiji to Champaran?
Q000932,History of Bihar,Bihar Economy,Bihar Socialist Party formed,Who among the following led the first Congress Council of Ministers in Bihar?
Q000934,History of Bihar,Bihar Economy,Kunwar Singh joined the rebellion of 1857 against the British,Where did Kunwar Singh join the rebellion of 1857 against the British?
Q000942,Indian Economy,Agriculture,Rice Production,Bihar has the lowest literacy rate (2011 census) among the states of India.
Q000944,Indian Economy,Industries,Industrial Development,What types of industries are expected and possibilities in Bihar?
Q000948,Indian Economy,Bihar Budget,Mukhya Mantri Kanya Utthan Yojana,Which of the following districts of Bihar does not share border with Nepal?
Q000956,Bihar Economy,Statistics,Road Per Capita in Bihar,The length of road per one lakh population in Bihar is
Q000963,Geography,Plateaus,Kaimur Plateau,What is Kaimur Plateau famous for?
Q000964,History of Bihar,Bhakti Movement,Swami Sahajanand Saraswati,"Swami Sahajanand Saraswati published a magazine, whose name was –"
Q000965,History of Bihar,Anushilan Samiti,Patna Branch (1913),Who established a branch of Anushilan Samiti in Patna in 1913?
Q000966,History of Bihar,Kisan Sabha,Munger (1922-23),Who formed the Kisan Sabha in Munger in 1922- 23?
Q000967,History of Bihar,Socialist Party,Bihar Socialist Party Secretary,The secretary of Bihar Socialist Party formed in 1934 was-
Q000968,History of Bihar,Indian Constituent Assembly,Bihar Representatives,Who was the member of the Indian Constituent Assembly from Bihar?
Q000969,History of Bihar,Bihar Cabinet,First Bihar Cabinet Head,Who headed the first Indian Cabinet formed in Bihar in 1937?
Q000970,Geography,Patna,Patna Lawn to Gandhi Maidan,When was Patna Lawn renamed as Gandhi Maidan?
Q000971,History of India,Partition of India,Partition of Bengal Announcement,Partition of Bengal was announced
Q000977,Bihar Economy,Development,Per capita energy consumption,Per capita energy consumption in the state of Bihar is:
Q000978,History of Bihar,Social Issues,Birsa Munda,Birsa was caught sleeping-
Q000979,History of Bihar,Indian National Movement,Non-Cooperation Movement,Who drew Gandhiji's attention to the exploitation of farmers by European indigo planters?
Q000980,History of Bihar,Indian National Movement,Quit India Movement,Who left Patna College during the Non-Cooperation Movement when only 20 days were left for his examination?
Q000981,History of Bihar,Indian National Movement,All India Forward Bloc,Who joined Subhash Chandra Bose to establish the All India Forward Bloc and I.N.A.
Q000982,History of Bihar,Indian National Movement,Lawyer,Which lawyer of Bihar had given up his profitable advocacy during the non-cooperation movement?
Q000994,Geography,Industry,Textile Industry,Which of the following districts in Bihar is the center of silk textile production?
Q000998,Indian Polity,Lok Sabha,Number of Members from Bihar,How many members are elected to the Lok Sabha from Bihar?
Q001001,History of India,Religious Movements,Birthplace of Guru Hargovind,Which Sikh Guru was born in Patna?
Q001003,History of India,Indian National Congress,Gaya Session of 1922 - President,By what name is Jaiprakash Narayan known?
Q001004,History of Bihar,Leaders,Jaiprakash Narayan (CPI) - Nickname,What is Dalmia city in Bihar famous for?
Q001005,Bihar Economy,Industrial Areas,Dalmia City - Famous for,How many square meters of forest area is there in Bihar?
Q001008,Geography,Lakes,Lakes Located in Bihar - Name,Fill in the blank: In the rights of tenants on land in Bengal and Bihar were given by the Bengal Tenancy Act.
Q001009,History of Bihar,Bihar Current Affairs,non-cooperation movement of 1920-22,One of the popular beliefs in Bihar during the non-cooperation movement of 1920-22 was that they would win because Gandh
Q001015,History of Bihar,Indian National Congress,27th session held in Hazaribagh,Where was the 27th session of the Indian National Congress held?
Q001016,History of Bihar,Indian National Congress,16th session held in Hazaribagh,The sixteenth session of Bihari Students Conference was held in Hazaribagh?
Q001033,Indian Economy,Bihar Economy,Bihar Budget,The infant mortality rate of Bihar state is:
Q001036,Indian Economy,Bihar Economy,Development expenditure,"In the year 2006-07, Bihar's development expenditure of its total expenditure was-"
Q001038,Indian Economy,Bihar Economy,Expenditure,What percentage of its total resources is spent by the Bihar government on the salaries and pensions of its employees?
Q001046,History of Bihar,Administration,Permanent Settlement,The percentage of total sown land in the area of Bihar is-
Q001047,Indian Economy,Agriculture,Total Sown Land,It is a joint irrigation project of Bihar and Uttar Pradesh states.
Q001049,Indian Economy,Population,2001 Census Population of Bihar,"According to the 2001 census, Bihar is the largest populous state of India."
Q001053,History of Bihar,Revolt of 1857,Attempt to assassinate King's Ford in Muzaffarpur,Akbar merged Bengal and Bihar into the Mughal Empire:
Q001055,History of Bihar,Revolt of 1857,Jagdishpur revolutionaries,"Emperor Shah Alam II granted Diwani of Bengal, Bihar and Orissa to the East India Company:"
Q001059,History of Bihar,Dr. Rajendra Prasad,Imprisonment during 1942 movement,In which jail was Dr. Rajendra Prasad imprisoned during the 1942 movement?
Q001061,History of Bihar,Birsa Munda,Area of work,What was the area of work of Birsa Munda?
Q001062,History of Bihar,Bihar Administration,Founder of Pataliputra,Jai Prakash Narayan was associated with which party:
Q001063,Indian Polity,Bihar Legislature,Bihar Socialist Party,Who was the leader of revolt of 1857 in Bihar.
Q001064,History of Bihar,Revolt of 1857,Leader,The founder of Bihar Socialist Party was:
Q001065,Bihar Economy,Permanent Settlement,Prevalent form,The founder of Pataliputra was :
Q001073,Bihar Economy,Development,Birth Rate (2002) - Data,What is the birth rate (per thousand) in Bihar as per the year 2002?
Q001074,Bihar Economy,Minerals,Coal Reserves (2003) - Million Tonnes,"The estimated reserves of coal in Bihar as on January 1, 2003 were (in million tonnes)-"
Q001079,History of Bihar,Revolt of 1857,Babu Kunwar Singh - Death Year,"When did Babu Kunwar Singh, the leader of the revolution of 1857 in Bihar die?"
Q001080,History of Bihar,Hindustan Socialist Republican Army,Revolutionary - Name,"Name the revolutionary from Bihar who participated in the meeting of 'Hindustan Socialist Republican Army' in September, 1928?"
Q001088,Bihar Economy,Industries,Teenkathiya System,What is ‘Teenkathiya’ system in Bihar?
Q001092,Bihar Economy,Fiscal Policy,Fiscal Deficit of Bihar 2021-22,Who among the following started the ‘Ulgulan movement?
Q001101,History of Bihar,Social Movements,Kisan Sabha Movement (1929) - Ali Gauhar,Who started the Kisan Sabha movement in Bihar in 1929?
Q001108,Bihar Economy,Demography,Scheduled Tribes,Numerically the largest scheduled tribe of Bihar is
Q001111,Bihar Polity & Governance,District-wise Geography,Literacy Rate,Which district of Bihar has the highest literacy rate?
Q001115,History of Bihar,Social Issues,Kapilaansh Metal Industry,Litchi production in Bihar is -
Q001117,History of Bihar,Bhakti Movement,Ravidas,Whose incarnation did the followers of Birsa Munda consider him to be?
Q001118,History of Bihar,Boycott and Swadeshi movement,Golden League,In which place was an organization called 'Golden League' established in support of the Boycott and Swadeshi movement?
Q001119,History of Bihar,Newspapers,First English newspaper published from Patna,Which was the first English newspaper published from Patna?
Q001120,History of Bihar,Birsa Munda,Incarnation,Who formed Ravidas Sabha in Bihar in 1928?
Q001121,Agriculture,Indigo Cultivation,Compensation tax,What compensation tax did the indigo farmers have to pay if they wanted exemption from indigo cultivation?
Q001122,Geography,Schools,First Zila school opened in 1835,Where was the first Zila school opened in 1835?
Q001123,History of Bihar,Dr. Rajendra Prasad,Previous post,"Dr. Rajendra Prasad, who was the first President of India, had previously held which post?"
Q001124,History of Bihar,1857 Revolt,Local leader of Rajgir Pargana,Which local leader of Rajgir Pargana of Bihar declared himself 'Raja' in the movement of 1857?
Q001125,History of Bihar,Diwani Grant,Shah Alam-II and East India Company,"For how many rupees did the Shah Alam-II give the Diwani of Bengal, Bihar and Orissa to the East India Company by a decree in 1765 AD?"
Q001126,History of Bihar,Gaurakshini meetings,Establishment during British rule,When were 'Gaurakshini' meetings established in many parts of Bihar during the British rule?
Q001127,History of Bihar,Bankipur Meeting,Delegate fee reduction,"To increase the integrity of Congress, how much was the delegate fee reduced in the meeting of Bankipur (Bihar) in 1912?"
Q001128,History of Bihar,"Government of India Act, 1935",Seats for Bihar in Upper House,"How many seats did Bihar get in the Upper House of the Central Parliament by the Government of India Act, 1935?"
Q001143,History of India,Social Movements,Direct Action Plan,"In 1976, a political party named 'Congress for Democracy' was established-"
Q001146,History of Bihar,Jharkhand Movement,Jharkhand Movement Started,Jharkhand movement was started–
Q001147,History of Bihar,Bihar Government,Minister Removal July 2004,How many ministers did the Chief Minister of Bihar remove from the Council of Ministers in July 2004?
Q001156,Indian Polity,Panchayati Raj,System of governance,What is the system of governance in the Panchayat Raj set-up?
Q001158,Bihar Economy,Land Revenue,Maximum size of land holding,Legally stipulated maximum size beyond which no individual farmer can hold any land is?
Q001160,Indian Polity,Budget,Article 112,Under which article of the Indian Constitution the annual financial Statement Budget is necessary to laid before the Parliament?
Q001161,Indian Polity,International Treaties,Article 73,The Parliament can make any law for the whole or any part of India for implementing International treaties:
Q001162,History of Bihar,Anglo-Indian Community,Right to stay in India,"Under the Government of India Act 1935, who was the first elected Chairman of Bihar Legislative Council?"
Q001163,History of Bihar,Bihar Legislative Council,First elected Chairman,A British Citizen staying in India can not claim right to
Q001164,Indian Polity,Citizenship,Rights of British Citizens in India,Which Amendment to the Constitution abolished the two seats that were reserved for the Anglo-Indian community?
Q001169,Indian Polity,Parliamentary Procedure,Cut Motion,A person shall not be a member of Parliament if he holds any office of profit under the Government of India or any State Government. 2. Exceptions Certain posts may be declared 'disqualification free' under laws made by Parliament. Such as member of any advisory committee etc. 22. What is the object of “cut motion” in Parliament?
Q001170,Indian Polity,Representation of Minorities,Anglo-Indian Community,What is the position of representation of Anglo-Indian Community in Lok Sabha?
Q001171,Indian Polity,President of India,Speaker of Lok Sabha,Among the following who has been Speaker of Lok Sabha prior to his Election as President of India?
Q001172,History of India,Preamble to the Constitution,Adoption Date,Indian National Flag was adopted by the Constituent Assembly on which date?
Q001173,Indian Polity,Council of Ministers,Restriction on Size,Size of Council of Ministers has been restricted to 15 percent of membership of Lok Sabha by which Constitutional Amendment?
Q001174,Indian Polity,Governor's Powers,Return of Bills,By which time Governor has to return an ordinary bill to the concerned State Legislature for reconsideration?
Q001175,Indian Polity,Disqualification of Members,State Legislative Assembly,"Who decides the disqualification of members of State Legislative Assembly, for matters other than those in the tenth schedule of the Constitution?"
Q001176,Indian Polity,Scheduled Tribes,Criteria for Declaration,The specifications required for a community to be declared as a Scheduled Tribe are 1. Indications of primitive traits 2. Distinctive Culture 3. Shyness of contact with the community at large. 4. Backwardness and geographical isolation. Which of the above is correct?
Q001180,Indian Polity,Directive Principles,Fifth Schedule,The Fifth Schedule deals with the governance and protection of the interests of which specific group of people?
Q001182,General Mental Ability & CSAT,Parliamentary Procedure,Article 120(1) and Language Use,"Match the political parties listed in List-I with the year of their establishment in List-II :- List- I List- II (Political Parties) (Year of Establishment) Select the correct answer using the code given below. The correct answer is as follows :- Political Parties Year of Establishment 36. Under which Article(s) the Speaker can allow any member of the House to speak in his/her mother tongue? Answer – (C) Article -120 (1) Article 120 (1) of the Indian Constitution is related to the language used in the Parliament, it says that if an MP is not able to express himself adequately in Hindi or English, then in that case the Speaker of the Lok Sabha and the Chairman in the Rajyasabha can allow him to address the House in his mother tongue. • Article 110 is related to the Money Bill and Article 122(2) is related to the courts not investigating the proceedings of the Parliament. 37. Consider the following statements about the collegium system : 1. The Supreme Court Collegium is a five-member body which is headed by the incumbent Chief Justice of India (CJI) and comprises four other seniormost Judges serving in the Court at that time. 2. The Parliament by law has evolved the collegium system. 3. The judges of the Supreme Court and the High Courts are appointed only through the collegium system. 4. The Collegium system was introduced in the year 1993 by Justice P.N. Bhagwati in the landmark First Judges Case. Which of the statements given above is/are correct?"
Q001183,Indian Polity,Amendments to Constitution,42ⁿd Amendment - Fundamental Duties,"Conside the following statements regarding the 42ⁿdAmendment to the Constitution of India : 1. It added three words in the preamble—‘Socialist, ‘Secular’ and ‘Integrity’. 2. It added eight Fundamental Duties to the Constitution. 3. It added new Directive Principles, i.e., Article 39A Article 43A and Article 47. 4. It granted power to the President, in consultation with the Election Commission, to disqualify members of the State Legislatures. Which of the above statements are incorrect?"
Q001184,Indian Polity,Article 360,Consequences of Financial Emergency,"Which of the following is/are the consequence(s) of invoking Article 360, declaration of a financial emergency? 1. The President may order the States to reduce the salaries and allowances of all or any class of employees serving in connection with the State affairs. 2. Money Bill or other financial bill Passed by the State Legislature are not required to be reserved for the consideration of the President. 3. The President can issue directions for the reduction of salaries and allowances of all or any class of employees serving in connection with the affairs of the Union, including the Judges of the Supreme Court and the High Courts. 4. Money Bills or other financial bills are to be reserved for the consideration of the Presidnt after they are passed by the Legislature for the State. Select the correct answer using the code given below."
Q001186,History of Bihar,Sikkim,Statehood,Sikkim became a full-fledged state of the union of Indian?
Q001187,Society,Consumer Protection,Consumer Disputes Redressal - District Level,"With reference to the Consumer Disputes Redressal at the district level in India, which one of the following statements is NOT correct?"
Q001188,Indian Polity,Panchayati Raj Institutions,Panchayat Samiti Operation Level,At what level does a Panchayat Samiti operate a Panchayati Raj structure?
Q001193,Indian Polity,Panchayati Raj,Decentralization of powers,"Consider the following statements: In the post 73<sup>rd</sup> Amendment era, there has to be decentralization of– 1. Decision making powers 2. System as a whole 3. Judicial powers 4. Administrative powers Which of the above statements are correct?"
Q001198,History of India,Constituent Assembly,Dr. Rajendra Prasad elected as Chairman,Dr. Rajendra Prasad was elected as Chairman of the Constituent Assembly in-
Q001199,Indian Polity,Elections,16th Vice President election in 2022 electoral college size,How many members are there in the electoral college for the 16th Vice President of India election in 2022?
Q001200,Indian Polity,President of India,Re-election eligibility,The Indian President is eligible for re-election for how many times?
Q001204,Geography,States,States with Panchayat System,Which State does not have Panchayat System?
Q001206,Indian Polity,Supreme Court,Nature of Supreme Court,Supreme Court is a-
Q001207,Indian Polity,Parliamentary Committees,Delegation of Rules Making Power,"To review the financial position of Panchayats, the State Government constitutes every five year a/an–"
Q001211,Indian Polity,Panchayati Raj,First Lokayukta State,The first ‘Lokayukta’ was established in which of the following States?
Q001216,Indian Polity,State Legislative Council,Composition of Members,The members of a State Legislative Counicil are not chosen by which of the following categories of persons?
Q001217,Indian Economy,Administrative Reforms,Split System,The ‘split system’ in the Indian administration relates to–
Q001219,History of Bihar,Rajendra Prasad,Interim Government,Which department did Rajendra Prasad hold in the interim government formed in 1946?
Q001221,History of India,Act – Government of India Act 1935,Landmark in Constitution Development,Which Act is not the landmark in the development of the Constitution during the British Rule?
Q001222,Indian Polity,Election Commission of India,Article related to Establishment,Which article of the Constitution of India is related to the establishment of the Election Commission of India?
Q001223,General Mental Ability & CSAT,Ethics & Integrity,Rule of Law,What is meant by 'rule of law' ?
Q001224,Indian Polity,Panchayati Raj Institutions,Article 243 – Functions of PRIs,Which article gives the list of 29 functions to be performed by the Panchayati Raj institutions?
Q001229,Indian Polity,Finance Bills,Definition of Money Bill under Article 110,What constitutes the definition of Money Bill under Article 110 of the Indian Constitution?
Q001231,Indian Polity,Political Parties,Percentage of votes to be recognized as National Party,"To be recognized as National Party in India, a party must have secured at least how much percentage of votes in the previous election?"
Q001232,Indian Polity,Parliamentary Procedure,Object of ‘cut motion’,What is the object of ‘cut motion’?
Q001233,Indian Polity,Parliamentary Procedure,Match List – I with List – II,Match List – I with List – II and select the correct answer with the help of the codes given below the lists – • Gram Panchayat: Article – 40 • Uniform Civil Code : Article – 44 • Agriculture and Animal Husbandry: Article – 48 • Separation of Judiciary and Executive: Article – 50 • International peace and security: Article – 51
Q001234,Indian Polity,Form of Government,Parliamentary form of Government,Which one of the following statements is correct regarding parliamentary form of Government?
Q001236,Geography,Land Records,Land Records Officer,Who amongst the following is the Land Records Officer?
Q001239,Indian Polity,Constitutional Remedies,Postmortem,Which one of the following constitutional remedies is also called 'postmortem'?
Q001240,Indian Polity,Order of Precedence,Indian Order of Precedence,Which one of the following Indian states has the largest number of members in its state legislature?
Q001241,Indian Polity,National Human Rights Commission,Number of Members,"In the Indian Order of Precedence, who amongst the following comes first?"
Q001242,Indian Polity,Constitutional Amendments,103rd Constitutional Amendment,The 103<sup>rd</sup> Constitutional Amendment is related to
Q001243,Indian Polity,Human Rights Protection,Increase in Members,By how much has the number of members in the National Human Rights Commission been increased by the Human Rights Protection (Amendment) Act 2019?
Q001244,Indian Polity,Lokpal,Lokpal of India,The name of the first Lokpal of India is
Q001245,Indian Polity,Triple Talaq Bill,Maximum Jail Sentence,"The recently passed Triple Talaq Bill, 2019 provides for what maximum period of jail sentence?"
Q001246,Indian Polity,Constitutional Amendments,"Triple Talaq Bill, 2019",The provisions of Article 35-A and Article 370 were included in the Indian Constitution in-
Q001248,Indian Polity,Constitutional Provisions,Article 35-A and Article 370,The basis of judicial review in India is
Q001254,Indian Polity,Legislature,Special Election,The special election held to fill the vacancy in the legislature is called -
Q001258,Indian Polity,Supreme Court,Resignation of a Judge,A Judge of the Supreme Court may resign his office by writing to–
Q001259,Indian Polity,Supreme Court,Letter to the Chief Justice,Who was the first Chairman of the Backward Classes Commission?
Q001260,Indian Polity,Backward Classes Commission,First Chairman,The Chairman of the State Public Service Commission is appointed by–
Q001264,Indian Polity,President,Role of the President,The President
Q001267,Indian Polity,Finance Commission,Formation of Finance Commission,Under which one of the following articles is the formation of Finance Commission laid down?
Q001270,History of India,Reorganization of States,1956,Which one of the following committees/ commissions had recommended the creation of Nyaya Panchayats?
Q001283,Indian Polity,Directive Principles,Directive Principles of State Policy,Which of the following is/are listed among the Directive Principles given in Part IV of the Indian Constitution? (I) Equal pay for equal work (II) Uniform Civil Code (III) Small family norm (IV) Education through mother tongue at primar level
Q001284,Indian Polity,Parliament,Vote on Account,Vote on Account is meant for-
Q001287,Indian Polity,Supreme Court,Fundamental Rights – Flag Hoisting,The Supreme Court has held that hoisting the National Flag atop the private building is a fundamental right of every citizen under:
Q001289,Indian Polity,Panchayati Raj,Panchayat Samiti – Block Level,The Panchayat Samiti formed at the block level in India is only a/an–
Q001291,Indian Polity,List of the Constitution,"Match the Lists – Union, State, Concurrent",Match the following– (I) Union list (a) 97 entries (II) State list (b) 47 entries (III) Concurrent list (c) 66 entries Codes : I II III
Q001292,Indian Polity,Constitutional Amendment,Majority Required,Creation of a new state requires a________majority for Constitutional Amendment.
Q001293,Indian Polity,Executive,Powers of the President,President of India exercises his powers–
Q001294,Indian Polity,Constitutional Commission,Decentralization System – Recommended by,The Decentralization System was recommended by–
Q001295,Indian Polity,Human Rights,Human Rights – Also a Fundamental Right,Which one of the following human rights is also a fundamental right under the Indian Constitution?
Q001296,Indian Polity,Education,Right to Education – Added by Amendment,When was the right to education added by amending the Indian Constitution?
Q001307,Indian Polity,Panchayati Raj,Constitutional Head,"Name the committee established by the NDC in 1957 for the reorganization of CDP and NES, which suggested a three-tier system of rural local government."
Q001311,Society,Civil Servants,Resignation Letter,A High Court Judge addresses his resignation letter to-
Q001312,Indian Polity,Parliament,Participation of Non-Members,A person may take part in the proceedings of either House of Parliament as a non-member -
Q001316,Indian Polity,Parliament,Presiding Officer – Non-Member,In which House the presiding officer is not a member of that House?
Q001325,Current Affairs,Pala Dynasty,Establishment of Panchayati Raj,State-wise allocation of seats in the Lok Sabha is based on the 1971 census. Till how many years will this determination remain the same?
Q001328,Indian Polity,Panchayati Raj,Decision Making,By whom is the decision taken for holding Panchayat elections?
Q001335,Indian Polity,Emergency Provisions,Period for which declaration of emergency can be limited,"Firstly, for what period can the declaration of emergency be limited?"
Q001336,Indian Polity,Union Territories,Appointment of Chief Minister of a Union Territory,"By whom is the Chief Minister of a Union Territory where such a provision exists, appointed?"
Q001337,Indian Polity,Parliament,Control of expenditure of the Parliament,Who controls the expenditure of the Parliament of India?
Q001338,Indian Polity,Constitutional Remedies,Origin of Public Interest Litigation,The concept of Public Interest Litigation originated from which country?
Q001339,Indian Polity,Writs,Applicability of writs against illegal detention,Which of the following writs are applicable against illegal detention of a person?
Q001340,Indian Polity,Constitutional Provisions,Amendment of constitutional provisions,In which of the following is the provision for amendment of the constitutional provision made?
Q001341,Indian Polity,Supreme Commander,Supreme Commander of the Indian Defense Force,The Supreme Commander of the Indian Defense Force is
Q001342,Indian Polity,Executive Head,Executive head of the state government,Who is the executive head of the state government?
Q001343,Indian Polity,Panchayati Raj Institutions,Subjects under Eleventh Schedule,"Through the Eleventh Schedule, Panchayati Raj institutions have been given the right to control how many subiects?"
Q001344,Indian Polity,Constitutional Provisions,Provision for amendment of constitutional provisions,Which of the following is called the 'Soul' of the Indian Constitution?
Q001345,Indian Polity,Fundamental Rights,Removal of Right to Property,"During whose reign, Right to Property was removed from the list of fundamental rights?"
Q001347,Geography,States,Jharkhand,Which of the following is the 28th state of the Indian Union?
Q001349,Indian Polity,Constitutional Amendments,Socialist and Secular,By which amendment have the words 'Socialist and Secular' been added to the Preamble of the Indian Constitution?
Q001351,History of India,Federalism,United States of America,From where did India take the idea of 'Federal System' with a strong centre?
Q001352,Indian Polity,Panchayati Raj,17th Amendment,In which amendment of the Indian Constitution has Panchayati Raj institutions been provided constitutional backing?
Q001353,Indian Polity,Preamble,Socialist and Secular,Which one of the following was not originally included in the Preamble of the Constitution of India?
Q001364,Geography,Mountain Ranges,Garo Hills,Which is the oil refinery having maximum capacity in India?
Q001365,Indian Economy,Industries,Oil Refineries,Which State has the longest boundary with Madhya Pradesh ?
Q001366,Geography,States,Boundary with Madhya Pradesh,Which of the following ports is an artificial port?
Q001367,Geography,Ports,Artificial Ports,Following are the mountain ranges of India 1. Garo Hills 2. Nandadevi 3. Kamet 4. K<sup>2</sup> Which of the following is their correct sequence from east to west ?
Q001368,Geography,Mountain Ranges,Sequence of Mountain Ranges,"Garo Hills – Located in Meghalaya, which is in the far northeast of India. 2. Nanda Devi – In Uttarakhand 3. Kamet – In Uttarakhand but a little east of Nanda Devi 4. K2 – In Ladakh in the northwest of India. 15. Match List - I with List - II: List-1 List-II Select the correct answer using the codes given below. The correct matching is as follows- List – I List - II 16. Which of the following is a cause of rural to urban migration in India?"
Q001372,Geography,Districts,Scheduled Tribe Population - 2011 Census,Which of the following districts of Bihar has the highest percentage of Scheduled Tribe population in 2011 census?
Q001380,Geography,Plateaus,Tropic of Cancer & Indian Standard Time Line Intersection,"On which plateau, the Tropic of Cancer and the Indian Standard Time Line intersect each other?"
Q001388,Indian Economy,Agriculture,Sugar Industry,Which of the following statements is true about the sugar industry in India?
Q001401,Geography,Landforms,Ganga Plain,Ganga plain has been described as a–
Q001404,General Science,Earth Science,Chiria Feature,What is the most famous feature of Chiria located in West Singhbhum?
Q001407,Indian Economy,Agriculture,Coffee,Which one of the following coffee growing areas is not in Karnataka?
Q001408,Geography,Districts,Madhya Pradesh,Which one of the following districts of India is the largest in terms of geographical area?
Q001409,Geography,Wildlife Sanctuaries,Odisha,Which state of India has the maximum number of wildlife sanctuaries?
Q001410,Indian Economy,Minerals,Bauxite,"Among the following pairs of mineral and district, which one is correctly matched?"
Q001411,Geography,Mining,Khetri Mines,‘Khetri Mines’ situated in Rajasthan is famous for?
Q001412,Indian Polity,External Affairs,Free Movement Regime,With which country does India have ‘Free Movement Regime'?
Q001415,Geography,Regions,Bastar Region,Bharmour Tribal region is located in–
Q001416,Geography,Regions,Bharmour,Jawaharlal Nehru Port is located in the State of–
Q001421,Indian Economy,Agriculture,Cattle Breeds,The hills situated closer to Kanyakumari are
Q001423,Indian Economy,Minerals,Tea Plantations,Which one of the following hills does not have tea plantations ?
Q001427,Society,Tribes,Tribe-State Matching,Which one of the following pairs of tribe and state is not matched?
Q001428,Indian Economy,Industrial Corridors,Japan Collaboration,Which of the following industrial/economic corridors of India is being developed in collaboration with Japan?
Q001437,Geography,Passes,Rohtang Pass,"The pass, which is situated at the highest elvation, is:"
Q001439,Indian Economy,Agriculture,Sugarcane,Which one of the following states of India is called 'Sugar Bowl'?
Q001443,Indian Economy,Agriculture,Cotton Production,The average yield of cotton is highest in India for the State of:
Q001448,Indian Economy,Industry,Cotton Mills (Tamil Nadu),The largest number of Cotton Mills in Tamilnadu are found in:
Q001449,Indian Economy,Agriculture,Rubber Production,Which one of the following states is the leading producer of rubber in India?
Q001452,Indian Economy,Industry,Khetri Belt (Rajasthan) - Copper,The percentage of decadal growth population during 2001-2011 as per Census 2011 is:
Q001455,History of Bihar,Bihar Polity & Governance,Census 2011,"According to the 2011 census, what position does Bihar state rank in the country in terms of population?"
Q001453,Bihar Polity & Governance,Bihar Statistics,Census 2011 Sex Ratio,"As per Census 2011, which state has the lowest sex-ratio?"
Q001470,Indian Economy,Human Development,infant mortality rate,What is the infant mortality rate refer to?
Q001472,Geography,States,iron ore endowment,"The two States of India, most richly endowed with iron ore, are :"
Q001473,Geography,Cities,not situated on the banks of river Ganga,Which one of the following cities is not situated on the banks of river Ganga?
Q001475,Geography,States,order of area largest states of India,"In order of area, the largest states of India are -"
Q001481,Geography,Indian States,Bhil Caste Distribution,Where is Bhil caste found?
Q001482,Geography,Indian States,Scheduled Caste Population - India,"According to Census 2001, the population density (per square kilometer) of India is."
Q001485,Geography,Indian States,Largest States of India - Area Order,"In order of area, the three largest states of India are-"
Q001486,Geography,Indian States,Ranchi City - Location,Ranchi city is situated in –
Q001487,Indian Economy,Agriculture,Irrigation Potential - Percentage (2001 Census) - Kosi River,74.78 percent of India's irrigation potential is fulfilled by-
Q001490,Geography,Geography,Solar eclipse,Solar eclipse occurs when-
Q001491,Geography,Geography,shortest day,When is the shortest day occur?
Q001492,Geography,Geography,Indian Ocean earthquake of 2004 and the resulting tsunami,Which of the following statements is not correct regarding the Indian Ocean earthquake of 2004 and the resulting tsunami?
Q001493,Geography,Geography,ridge,"A ridge 64,000 km long and 2,000 km to 2,400 km wide passes between the North and South Atlantic Ocean troughs and enters the Indian Ocean basin and then enters the South Pacific Ocean basin between Australia and Antarctica. This is ridge-"
Q001499,Bihar Polity & Governance,Bihar Economy,Literacy Rate,"According to the census report of 2001, which state had the lowest literacy rate?"
Q001496,Geography,Disasters,Flood,"Correlate List-I (Natural Disasters) with List-II (States) and select the correct answer using the codes given below the lists. List-I List-II (a) Flood 1. Himalayan foothills (b) Earthquake 2. Jharkhand and North Orissa (c) Drought 3. Plains of Uttar Pradesh and Bihar (d) Hurricane 4. Middle eastern india Code : 145. In the history of population growth in India, which year is called the 'Year of Great Division'?"
Q001503,Geography,Mountain Ranges,Aravalli Range,Which of the following mountain ranges divides Ganga plain and Deccan plateau?
Q001506,Indian Economy,Agriculture,Rice,In 2020. which of the following crops had the highest acreage in India?
Q001507,Indian Economy,Agriculture,Wheat,Which of the following states has the largest deposits of copper ore?
Q001508,Geography,Plains,Ganga Plain,The parts of eastern Uttar Pradesh and Bihar are included in which of the following plains?
Q001514,History of Bihar,Manipur,Non-scheduled people,Non-scheduled people concentrated in the Central Valley of Manipur is called:
Q001519,Geography,Natural Disasters,El Nino,At the eastern end of the Great Himalaya i.e. Himadri is -
Q001521,Geography,Ecology,Sundarban region,Kaiga -
Q001524,Indian Economy,Agriculture,net sown land under irrigated land,"Cement industry is developed in Chhattisgarh, due to avaibility of:"
Q001528,Geography,Mountains,Taurus Mountains,Which is the mountain range along the Mediterranean Coast of Asia Minor?
Q001531,Geography,Moon,Atmosphere,Which of the following is not associated with Australia Continent?
Q001532,Geography,Australia,Great Barrier Reef,Choose the odd pair among the following options.
Q001533,General Mental Ability & CSAT,Odd One Out,Shapes,Dalmatian Coast is
Q001534,Geography,Coastline,Dalmatian Coast,Which of the following is a technopolis ?
Q001535,Geography,Cities,Silicon Valley,Which type of rock is formed from cooling and solidification of lava ?
Q001540,Geography,Locations and Boundaries,Andes,The Andes extends along which of the following?
Q001541,Geography,Environmental Issues,Air pollution,Which of the following is a major cause of air pollution?
Q001544,Geography,Time Zones,"Thimphu, Bhutan",What is the local time of Thimphu (Bhutan) located at 90° East longitude when the time at Greenwhich (0°) is 12 : 00 noon
Q001547,Geography,Lakes,Lake Victoria,"Consider the following statements: 1. Lake Victoria is the third largest freshwater lake in the world by surface area. 2. It is one of the great lakes of Africa 3. It is bordered by four countries – Tanzania, Uganda, Rwanda and Kenya. 4. The only outflow from Lake Victoria is the Nile River, which exits the lake near Jinja, Uganda. Which of the statements given above are incorrect?"
Q001548,Geography,Environmental Issues,Heat wave,Consider the following statements regarding ‘heat wave’ : 1. Heat wave is considered if the maximum temperature of a station reaches at least 30 °C or more for plains. 2. Heat wave is considered if the maximum temperature of a station reaches at least 40 °C or more for hilly regions. Which of the statements given above is/are correct?
Q001567,Geography,Geodesy,Science that deals with,Geodesy is the science that deals with –
Q001568,Geography,Earth Science,Continental drift theory,The theory of continental drift was development by :
Q001574,Geography,Countries,Greenland,Greenland is a part of which one of the following countries?
Q001576,Geography,Continents,Number of Countries,"Among the following continents, which one has the highest number of countries?"
Q001577,Geography,Niagara Falls,Canada and USA,'Niagara Falls' in North America is located between :
Q001578,Geography,Countries,Mismatched Pair (Germany and Coal Fields) - No specific country listed,One of the following pairs is mismatched. Find it:
Q001579,Indian Economy,Minerals,Coal,Which one of the following is not a coal field of Germany?
Q001580,Geography,Cities,St. Petersburg,Name the city of Russia that is known as ‘Venice of North'
Q001581,Geography,Mountain Ranges,Pyrenees,Pyrenees Mountain ranges in Europe separate the countries :
Q001582,Geography,Oceans,Pacific Ocean,Addu Atoll are situated in which ocean?
Q001583,Geography,Countries,Russia,Which of the following countries is the largest country without borders in terms of geographical area?
Q001584,Geography,Countries,Canada,The country which has the longest north-south (latitudinal) extension of its territory is :
Q001593,Geography,Deserts,Arunachal Pradesh,The driest desert in the world is
Q001594,Indian Economy,Industry,Landlocked countries,Which one of the following is a landlocked country?
Q001595,Geography,Biomes,Mediterranean climate,Which one of the following is the largest island in area?
Q001601,Indian Economy,Industries,Rust Bowl of USA,The 'Rust Bowl' of United States of America is related to which one of the following region?
Q001603,Indian Economy,Agriculture,Largest oil reserves,Which country has the largest deposits of oil reserves?
Q001604,Geography,Biomes,Mid-latitude grassland in South America,What is the name of the mid-latitude grassland in South America?
Q001605,Geography,Landforms,Great Victorian Desert,Where is the Great Victorian Desert located?
Q001615,Geography,Cities,Nukushima,Which of the following cities is not the capital of any country?
Q001616,Indian Economy,Minerals,Coal Production,The country that produces the most coal in the world is-
Q001624,Indian Economy,Minerals,Cold Deposits,Which of the following countries has the largest reserve of Cold deposits?
Q001628,General Science,Geomorphology,Mushroom Rock Formation,Which of the following is a characteristic of a volcanic eruption?
Q001632,Art & Culture,French Culture,Wine Producing Provinces,Cold water current flowing along Namibian Coast in Known as :
Q001634,Geography,Biomes,Grasslands of Brazilian Plateau,Grasslands of Brazillian Plateau are known as:
Q001635,Geography,River Deltas,Mississippi Delta,Mississippi Delta is an example of-
Q001636,Geography,Ocean Currents,Banguela Current,Banguela Current is –
Q001637,Geography,None,Which of these is not visible?,Which of these is not visible?
Q001639,Society,Tribal and Peasant Movements,Negrito race,Which of the following tribal communities belongs to the Negrito race?
Q001640,Indian Economy,Agriculture,Coffee production,More than half of the coffee produced in the world is from-
Q001641,Indian Economy,Industrial Development,Factors responsible for industrial development in Japan,Which of the following factors is not responsible for industrial development in Japan?
Q001646,Indian Economy,Five Year Plans,None,"First Five Year Plan (1951-56) Objectives–Agricultural development, irrigation electricity 2. Second Five Year Plan (1956-61) Objective–Industrial development (Mahalanobis Model) 3. Third Five Year Plan (1961-66) Objective–Agriculture and basic industries 4. Fourth Five Year Plan (1969-74) Objective–Justice with growth 5. Fifth Five Year Plan (1974–79) Main Slogan” ‘Garibi Hatao’ (during Indira Gandhi’s time) 5. Which of the following is a function of Central Bank?"
Q001647,Indian Economy,Central Bank,None,"Managing the Repo rate ⚫ It is a major instrument of monetary policy ⚫ RBI gives short term loan to commercial bank. 2. Giving loans to Commercial Banks ⚫ RBI is the lender of last resort. 3. Providing banking facilities to the government. ⚫ RBI is the banker to the Government of India. ⚫ Operates the government's finances, issues government bonds and manages the debt. 6. The primary function of the Finance Commission in India is to"
Q001648,Current Affairs,Finance Commission,None,"To make recommendations to the President regarding the distribution of net proceeds of taxes between the Union and the States and the allocation of such proceeds among the States. 2. To take decisions regarding grants/assistance to the States from the Consolidated Fund under Article 275. 3. To recommend measures necessary for augmenting the Consolidated Fund of the State to supply resources to the Panchayats and Municipalities on the basis of the recommendations made by the State Finance Commission. 4. Any other specific direction given by the President, which is in the interest of the sound finances of the country. 5. The Commission submits its report to the President, which the President gets laid before both the Houses of Parliament. The recommendations given by the Finance Commission are of advisory nature The 16th Finance Commission of India has been constituted for a period of five years starting from the financial year (2026-27). It will submit its recommendations by October 31, 2025. Arvind Panagariya has been appointed as the Chairman of the 16th Finance Commission. 7. Which Sector in India has benefitted the most from Globalization?"
Q001649,Indian Economy,National Income,None,NNP at factor cost is equal to
Q001651,Indian Economy,Small Finance Banks,RBI Eligibility Criteria,"According to the Reserve Bank of India, what is one of the eligibility criteria for a Small Finance Bank (SFB) to transition into a Universal Bank?"
Q001652,Current Affairs,Union Budget 2024-25,Budget Priorities,Which one is not included in the Budget Priorities in pursuit of ‘Vikasit Bharat’ in Union Budget 2024-25?
Q001653,Indian Economy,Agriculture,Productivity and Resilience,"Productivity and Resilience in Agriculture, 2. Employment and Skill Training, 3. Inclusive Human Resource Development and Socia Justice, 4. Manufacturing and Services 5. Urban Development, 6. Energy Security, 7. Infrastructure, 8. Innovation, Research and Development 9. Next Generation Reforms 12. What was the Per Capita Net State Domestid Product at Current Prices for Bihar for the fiscal year 2022-23, base on the base year 2011-12?"
Q001654,Indian Economy,Indian Capitalists,Bombay Plan Architects,Who among the following Indian capitalist was not the architect of “Bombay Plan”?
Q001655,Indian Economy,Insolvency and Bankruptcy,Definitions,"Consider the following statements regarding insolvency and bankruptcy : 1. Bankruptcy refers to a financial state in which an individual or entity is unable to pay off their debts as they become due. 2. Insolvency refers to a legal process, where the assets of the debtor are liquidated or reorganized for the benefit of creditors. 3. Bankruptcy is a state whereas insolvency is the conclusion. 4. The Insolvecny and Bankruptcy Board of India (IBBI) is the regulatory body responsible for overseeing insolvency and bankruptcy proceedings. Which of the statements given above is/are correct?"
Q001656,Indian Economy,Industrial Policy Resolution,Year of Adoption,In which year was the Industrial Policy Resolution adopted?
Q001663,Bihar Economy,Non-Plan Expenditures,Central Government Expenditures,Consider the following statements about the latest developments in the Union Government finances : 1. The fiscal deficit of the Union Government had reached 9.2 percent of GDP during the pandemic FY21. 2. The fiscal deficit has moderated to 7.7 per cent of GDP in FY22. 3. The revenue collection over the last two years has gone down. Which of the statements given above is/are correct?
Q001665,Indian Economy,Trade Policy,Rules of Origin,Consider the following statements about Rules of Origin’ : 1. Rules of origin are criteria needed to determine the national source of a product. 2. Rules of origin help custom agencies know what regulations and fees apply to a given product 3. These are used for the purpose of trade statistics. 4. Their importance is derived from the fact that duties and restrictions in several cases depend upon the sources of imports. Which of the above statements are correct?
Q001666,Bihar Economy,Demography,Infant Mortality Rate - Trends & Uttar Pradesh,"Rules of origin are the essential criteria for determining the national source of a product. 2. Rules of origin help customs agencies know what rules and what duties apply to a given product. 3. They are used for the purpose of trade statistics. 4. Their importance is evidenced by the fact that in many cases taxes and restrictions depend on the source of imports. 25. Consider the following statements about infant mortality rate : 1. It is the probability of dying between birth and exactly 1 year of age, expressed per 10000 live births. 2. The infant mortality rate in the year 1950 was 189.6. 3. In the year 2019, the infant mortality rate was 30. 4. As per the Sample registration System (SRS) Bulletin of Registrar General of India (RGI), the State with the highest infant mortality rate in the year 2019 was Uttar Pradesh Which of the statements given above are correct?"
Q001667,Indian Economy,Human Capital Formation,Definition & Components,"Human capital formation as a concept is better explained in terms of a process which enables 1. Individuals of a country to accumulate more capital 2. Increasing the knowledge 3. Increasing the skill levels 4. Increasing the knowledge, skill levels and capacities of the people of the country Select the correct answer using the codes given below."
Q001668,Bihar Polity & Governance,Female Workforce Participation Rate,Bihar - 2020-2022,At what percentage has Bihar registered the lowest Female Workforce Participation Rate for the year 2020-2022?
Q001670,Bihar Economy,Development,Human Development Index,"According to the National Family Survey-5 released by the Union Ministry of Health and Family Welfare on November 24, 2021, there has been a significant improvement in the sex ratio of Bihar. It has increased from ______ in 2015-2016 to ______ in 2020-2022."
Q001671,Bihar Economy,GSDP,Rate of growth of State Domestic Product (GSDP) 2020-2021,"According to Bihar Economic Survey (2021-2022), what was the rate of growth of State Domestic Product (GSDP) of Bihar in 2020-2021?"
Q001672,Bihar Economy,"SEZ Act, 2005",Objectives,Which one of the following is correct for Bihar economy?
Q001673,Bihar Economy,Agricultural Marketing,Policy measures adopted by the Government of India,"Which of the following are the objectives of the SEZ Act, 2005? 1. Generation of additional economic activity 2. Promotion of export of goods and services 3. Creation of employment"
Q001674,Bihar Economy,"Competition Act, 2002",Committee suggested the enactment,What is the policy measure adopted by the Government of India to improve the system of agricultural marketing?
Q001675,Bihar Economy,Five Year Plans,Focused on Human Resource Development,"Which committee suggested the enactment of the Competition Act, 2002?"
Q001676,Bihar Economy,FDI,"State of India received highest FDI, equity flow during April to September, 2022",Match List-I with List-II: Answer – (B) 4 1 3 2 • Grey Revolution – Fertilizer • Pink Revolution – Onion production • Silver Revolution – Eggs Production • Red Revolution – Tomato and Meat Production 36. Which of the following five-year plans was focused on Human Resource Development?
Q001677,Bihar Economy,Budget,Liberalized Exchange Rate Management System,"Which of the following states of India received the highest Foreign Direct Investment (FDI), equity flow during April to September, 2022?"
Q001678,Bihar Economy,Budget,Finance Minister announced,In which budget did the Finance Minister announce the Liberalized Exchange Rate Management System?
Q001679,Bihar Economy,Five Year Plans,Goals,Which of the following were the goals of the Five Year Plan? 1. Growth 2. Modernization 3. Self-reliance 4. Literature
Q001680,Bihar Economy,Poverty Line,Organization carries out the survey,Which organization carries out the survey for determining the poverty line?
Q001683,Indian Economy,Microenterprise,Definition of microenterprise in India,Which of the following partly defines microenterprise in India?
Q001684,Indian Economy,Pradhan Mantri Krishi Sinchai Yojana,Incorrect statement about Pradhan Mantri Krishi Sinchai Yojana,Which of the following is incorrect regarding the Pradhan Mantri Krishi Sinchai Yojana?
Q001685,Bihar Polity & Governance,Bhandari Committee,Formation of Bihar and Orissa Province,Bhandari Committee is related to:
Q001688,Indian Economy,Social Issues,Objective of Community Development,What is the objective of community development?
Q001694,Indian Economy,Industry,Textile,Which one of the following pairs of industry and place is not correctly matched?
Q001698,Current Affairs,External Sector,Trade Partners,Which of the following infrastructure sectors of India is related with Bharatmala Project?
Q001699,Geography,Infrastructure,Bharatmala Project,Which of the following agencies releases the Index of Industrial Production to measure industrial performance in India?
Q001704,Indian Economy,Social Sector,Ayushmaan Sahakar Scheme,"In which Budget, the Commodity Transaction Tax (CTT) was introduced in the Budget of India?"
Q001710,Indian Economy,Bihar Economy,15th Finance Commission - Share,What is Bihar's share in the divisible pool of central taxes on the recommendation of the 15th Finance Commission?
Q001711,Indian Economy,Agriculture,Minimum Support Price,Who determines the minimum support price in India?
Q001714,Indian Economy,Agriculture,Meat and Meat Preparation Exports - 2017,Antyodaya Programme was started first of all in the State of :
Q001715,Indian Economy,Bihar Economy,Foreign Exchange Reserves - 2018-19,India's share in meat and meat preparation exports in the year 2017 was :
Q001717,General Mental Ability & CSAT,General Mental Ability & CSAT,Coding-Decoding,Which one of the following is not a source of direct finance?
Q001721,Current Affairs,Development,Pradhan Mantri Karma Yogi Maan-Dhan Yojana,What should be the sustained GDP growth rate for India to become a $5 trillion economy by 2024-25?
Q001730,Indian Economy,Population,Urban Population Percentage,"As per 2011 Census, the urban population percentage to total population of India was about"
Q001733,Indian Economy,Make in India,Industrial Development,The Government policy ‘Make in India’ aims at:
Q001734,Indian Economy,Industrial Development,Not an Initiative,Which one of the following is not an initiative for industrial development?
Q001735,Indian Economy,PURA,Providing Urban Facilities in Rural Areas,PURA (providing urban facilities in rural areas) model was advocated by:
Q001736,Indian Economy,Literacy Rate,Female Literacy Rate 2011,"As per Census 2011, the female literacy rate in India was"
Q001737,Indian Economy,Poverty Alleviation,Self-Service Groups,Who among the following gave the idea of selfservice groups as an effective tool for poverty alleviation?
Q001738,Indian Economy,Agricultural Productivity,Increase Productivity,Which one of the following is a pathway to increase productivity in agriculture?
Q001739,Indian Economy,MNREGA,Poverty Alleviation,Which one of the following is the objective of 'MNREGA'?
Q001740,Indian Economy,Union Budget,2017-18 Objectives,"Which one of the following was not included in the intended objectives of the Union Budget, 2017-18?"
Q001747,Bihar Economy,Economic Growth,Growth Rate 2016-17,What was the economic growth rate of the State of Bihar during the year 2016-17?
Q001764,Indian Economy,Taxation,State Finance,Which of the following Tax is ievied by Union and collected and appropriated by States?
Q001772,Indian Economy,Statistics,Consumer Price Indices,Interest payment is an item
Q001773,Indian Economy,Trade,Foreign exchange earnings,Consider the following consumer price indices I. Consumer Price Index for Industrial Workers II. Consumer Price Index for Agricultural labourers III. Consumer Price Index for Rural labourers IV. Consumer Price Index for Urban Non-manua Employees Which of the above indices is/are compiled by the Central Statistical Organization (CSO)
Q001774,Indian Economy,Trade,Exports,India earns maximum foreign exchange by the exports of:
Q001786,Indian Polity,Indian Economy,Consider the following statements- I. Bank rate is the interest rate that the Reserve Bank of India charges its clients on their shortterm borrowings. II. Repo rate is the interest rate that the Reserve Bank of India charges its clients on their longterm borrowings.,Consider the following statements- I. Bank rate is the interest rate that the Reserve Bank of India charges its clients on their shortterm borrowings. II. Repo rate is the interest rate that the Reserve Bank of India charges its clients on their longterm borrowings. Which of the above statements is/are incorrect?
Q001790,Indian Economy,Development Schemes,TRYSEM,Consider the following plans: I. EAS II. TRYSEM III. JRY IV. RLEGP The correct chronological sequence of the launching of these scheme is :
Q001791,Indian Economy,Commercial Sources of Energy,Oil/Energy Crisis,Commercial sources of energy include –
Q001792,Indian Economy,Financial Sickness of State Electricity Boards,Low Grade Coal & Transmission Losses,When did the first oil/energy crisis occur in India?
Q001793,Indian Economy,State Electricity Boards,Social Delivery Policies,Consider the following reasons for the financial sickness of State Electricity Boards in India - I. Sale of electricity to agricultural and domestic consumers at less than the cost of production II. Transmission and distribution losses are very high III. Reduction in commercial autonomy for State Electricity Boards IV. State governments have implemented social delivery policies through State Electricity Boards. Which of the above are correct?
Q001794,Indian Economy,Types of Economy,Mixed Economy,What type of economy is there in India?
Q001795,Indian Economy,Coal Industry,Dependence on Coking Coal Import,Consider the following problems of the Indian coal industry- I. Low grade coal and obstruction in coal operation II. Decrease in utilization capacity of transportation institutions. III. Increasing dependence on import of coking coal. IV. operating prices Which of the above are correct?
Q001796,Indian Economy,Planning Commission,Running Plan,"Consider the following regarding 'Running Plan' - I. A plan for the current year, which includes the annual budget II. A plan that is set for 3, 4, or 5 years III. It is revised every year according to the needs of the economy. IV. A relative plan for 10, 15 or 20 years Which of the above are correct?"
Q001797,Indian Economy,Planning Commission,Establishment Year,In which year was the Planning Commission established in India?
Q001798,Indian Economy,World Bank Report,Indian Economy Status,"According to the latest development report of the World Bank, the status of the Indian economy is"
Q001799,Indian Economy,Reserve Bank of India,Cash Reserve Ratio Impact,"If the cash reserve ratio is reduced by the Reserve Bank of India, it will have an impact on credit creation."
Q001800,Indian Economy,Indian Development Forum,Formerly Known As,Indian Development Forum (IDF) was formerly known as
Q001809,Indian Economy,Agriculture,Gross Domestic Product,The share of agriculture and its allied sectors in India's gross domestic product is-
Q001814,Indian Economy,Agriculture,Second Green Revolution in India,"What is true regarding the Second Green Revolution in India? 1. Its aim is to further increase the production of wheat and rice in areas that have already benefited from the Green Revolution. 2. It aims to expand seeds, fertilizers and technology to areas that have not yet benefited from the Green Revolution. 3. Its aim is to increase the production of crops other than those for which the Green Revolution has started. 4. Its aim is to integrate crop production with animal husbandry, social forestry and fisheries. Choose the correct answer from the feet given below –"
Q001815,Indian Economy,Energy,Energy Production and Consumption in India,Which of the following statements is not correct regarding energy production and consumption in India?
Q001816,History of India,Population,Population Characteristics of India (1991-2001),"Consider the following statements regarding the population characteristics of India - 1. In the decade 1991-2001, the population grew at the rate of about 21 percent 2. The gap between male and female literacy increased in 2001 compared to 1991. 3. According to the 2001 census, there are 35 such big cities in the country in which about 48 percent of the total urban population resides. 4. The 1991 census has indicated a decline in the number of unproductive consumers. Which of these statements are correct?"
Q001817,Indian Economy,Trade,India's Latest Export-Import Trade,"Consider the following statements regarding India's latest export-import trade: 1. Textile sector contributes 21 percent and gems and jewelery 17 percent in India's exports. 2. Western Europe and North America together account for 53 percent of India's exports and 40 percent of its imports. 3. Latin America, Sub-Saharan African and Middle East countries offer the most potential markets for Indian export trade. 4. India's participation in world exports is a little more than 2 percent. Which of these statements are correct?"
Q001822,Indian Economy,Five Year Plans,NABARD Establishment,National Bank for Agriculture and Rural Development (NABARD) was established during which five year plan period?
Q001823,Indian Economy,Five Year Plans,Second Five Year Plan Outline Preparation,Who had prepared the outline of the second five year plan?
Q001824,Indian Economy,Economic Planning,Concept,Economic Planning is a subject
Q001840,Indian Economy,Macroeconomic Variables,Money Supply Impact,The amount of money supply in the economy affects which of the following macroeconomic variables?
Q001841,Indian Economy,Tourism,Contribution to Economic Activity,The visit of foreigners to India to see various places or events in the country amounts to which of the following in terms of economic?
Q001842,Indian Economy,Union Budget,Grants-in-Aid Allocation,The grants-in-aid given by the Central Government to the State Government and local bodies for creation of capital assets are classified in the Union Budget under :
Q001843,Indian Economy,Money Supply,National Savings Certificates Account,The money accruing from the sale of ‘National Savings Certificates’ goes to which account of the Government of India?
Q001845,Indian Economy,Goods and Services Tax (GST),Revenue Neutral Tax Rate,What does ‘Revenue Neutral Tax Rate’ in reference to ‘Good and Services Tax (GST) ?
Q001846,Indian Economy,Agriculture,Agricultural Crop Year,"In India, the agricultural ‘crop year’ period is:"
Q001847,Indian Economy,Currency,Currency Notes Issuance,Who is responsible for currency notes of denomination two rupees and above?
Q001848,Indian Economy,National Income,National Income Calculation,By whom is the national income of India calculated?
Q001850,History of India,Population,Year of great divide,Which year is considered the year of great divide with regard to population growth of India?
Q001863,General Science,Energy,Renewable Energy Sources,Renewable Energy means 1. Electricity produced from solar 2. Electricity produced from thermal plant 3. Electricity produced from coal 4. Electricity produced from wind Choose the correct answer from the options given below:
Q001864,General Science,Atomic Theory,Dalton's Atomic Theory,Dalton's atomic theory successfully explained- i. Law of conservation of mass. ii. Law of constant composition. iii. Law of radioactivity. iv. Law of multiple proportion.
Q001865,General Science,Measurement,Meter for Distance,The meter that is used to measure the distance moved by the vehicle is known as-
Q001866,General Science,Heat Transfer,Radiation,Heat transfer that does not require a medium is called-
Q001867,General Science,Radiation,Gamma Radiation,Which of the following radiation is used to get relief from body aches?
Q001868,General Science,Forces,Non-Contact Force,Which of the following is a non-contact force?
Q001869,General Science,Electrical Resistance,Resistance of Wire,Which of the following is the resistance of the wire?
Q001870,General Science,Solar Energy,Solar Constant,Which of the following is the value of solar constant?
Q001872,General Science,Optics,Concave Mirror Image Position,"The image formed by a concave mirror is real, inverted and of the same size as the object. What should be the position of the object?"
Q001892,General Mental Ability & CSAT,Odd One Out,Which of the following is not a ‘vector quantity’,"If the spinning speed of the earth increases, then the weight of the body at the equator will"
Q001894,History of India,Albert Einstein,The ‘theory of relativity’ is presented by which scientist,The ‘theory of relativity’ is presented by which scientist?
Q001906,General Mental Ability & CSAT,Logical Reasoning,Incorrectly matched,Which of the following is not correctly matched?
Q001907,General Mental Ability & CSAT,Physics,Free fall,"If a feather, a rubber ball and a wooden ball are falling freely simultaneously from the same height in vacuum, then"
Q001999,General Science,Electronics,Telephone Transmission,Modern telephone uses
Q002002,General Science,Material Science,Glass Properties,"High voltage grid is used to transmit electricity, because -"
Q002004,General Science,Astronomy,Satellite Applications,Which of the following seed is used in production of engineered diamonds?
Q002011,General Mental Ability & CSAT,Chemical Reactions,Conductivity of Electrolyte,The conductivity of a strong electrolyte
Q002012,General Mental Ability & CSAT,Chemical Reactions,Ideal Solution,For two Liquids A and B to form an ideal solution?
Q002016,History of India,Science & Technology,John Dalton's Atomic Model,Who was the first one to propose a model for the structure of an atom?
Q002035,General Mental Ability & CSAT,Chemical Reactions,Odour of acetic acid,The odour of acetic acid resembles that of :
Q002036,General Mental Ability & CSAT,Chemical Reactions,Dry HCl gas and litmus paper,Why does dry HCl gas not change the color of dry litmus paper?
Q002038,General Mental Ability & CSAT,Chemical Reactions,Diamond and graphite properties,Which of the following statements about diamond and graphite is true?
Q002047,General Science,Energy,"Biogas Composition (Methane, Carbon Dioxide, Hydrogen Sulfide)",Which among the following is the main constituent of biogas?
Q002061,General Mental Ability & CSAT,Chemical Reactions,Limewater is turned milky by,Limewater is turned milky by:
Q002062,General Mental Ability & CSAT,Chemical Reactions,Incomplete burning of petrol and diesel produces,The incomplete burning of petrol and diesel produces :
Q002067,General Science,Minerals,Sapphire (Ruby) Chemical Formula,The chemical formula of Sapphire (Ruby) is :
Q002068,General Science,Economics,Petrol Quality Measurement,The quality of petrol is expressed by:
Q002075,Current Affairs,Chemistry,pH Value of Water,"The Nobel Prize in Chemistry, 2019 was awarded for the development of"
Q002084,General Science,Environment & Ecology,Greenhouse Gases,The main component of greenhouse gases is :
Q002090,General Science,Minerals,Non-Ferrous Metals,Which of the following is a non-ferrous metallic mineral?
Q002094,General Science,Atmosphere,Nitrogen,Alcohol can be converted into carboxylic acid by:
Q002097,General Science,Safety,Fire Extinguishers,How many carbon atoms is fullerene or buckyball made of?
Q002104,General Science,Materials Science,Galvanized iron pipes,Galvanized iron pipes have a coating of :
Q002111,General Science,Materials Science,Stainless steel,Stainless steel is an alloy of:
Q002112,General Science,Materials Science,Plaster of Paris,"To protect broken bones, plaster of paris is used. It is :"
Q002122,General Science,Earth Science,Minerals,In which of the following is the same type of atom found?
Q002143,General Science,Materials Science,Pure Iron,The purest form of iron is:
Q002147,General Science,Materials Science,Zinc Alloy,It is made from Zinc -
Q002157,General Science,Agriculture,Turmeric Plant,Turmeric powder is obtained from which part of turmeric plant?
Q002168,General Science,Agriculture,Fertilizers,Which component of fertilizer is used to promote quick growth?
Q002175,General Science,Science & Technology,mRNA,"What is the full form of the term mRNA, which has been widely discussed since the beginning of the pandemic?"
Q002178,Indian Economy,Agriculture,Linen,"Consider the following statements:: 1. Taeniasis is an intestinal infection caused by three species of tapeworms—Taenia solium, Taenia saginata, and Taenia asiatica. 2. When cysts develop in the brain, the condition is called neurocysticercosis (NCC). Which of the statements given above is/are correct?"
Q002198,General Science,Soils,Salt-loving plants,What are salt-loving plants called?
Q002199,General Science,Oceanography,Water absorption,Water passes from the soil into the roots by a physical process called :
Q002201,General Science,Environment & Ecology,Nighttime hazards,"In the nighttime, it is advised not to sleep under trees because :"
Q002203,General Science,Botany,Food distribution,Stem of a plant helps in distributing food to all parts of the plant. It also helps in :
Q002205,General Science,Anatomy,Pituitary gland,Pituitary gland is located in:
Q002208,General Science,Physiology,Pneumonia,Pneumonia is an infection of :
Q002211,General Science,Botany,True Fruits,"Among the following, which is not a true fruit?"
Q002212,General Science,Botany,Legumes Nutrition,Legumes are highly nutritious because they are rich in :
Q002213,General Science,Botany,Clove Source,"Clove, a spice, is obtained from which part of the plant?"
Q002215,General Science,Nutrition,Protein,Milk is a poor source of:
Q002220,General Science,Medicine,Thyroid Deficiency,The Malfunctioning of thyroid gland is due to the deficiency of :
Q002233,Geography,Ecology,The actual location or place where an organism lives is called,The actual location or place where an organism lives is called :
Q002247,General Science,Environment & Ecology,Which of the following activities increases oxygen in the carbon cycle taking place on Earth?,"Which of the following activities increases oxygen in the carbon cycle taking place on Earth? (A Respiration (E) None of the above/More than one of the above Answer – (D) Photosynthesis In the process of photosynthesis, green plants produce carbohydrates with the help of (light energy + CO2 + H2O) and produces oxygen. 90% of the total photosynthesis on Earth is done by aquatic plants and algae. 98. Select the vascular plant from the following"
Q002262,General Science,Agriculture,Cash Crops,Which of the following is not a cash crop?
Q002263,General Science,Agriculture,Crop Types,'Black Revolution' is related to
Q002264,General Science,Agriculture,Black Revolution,Which of the following is responsible for the controlling hereditary characters of the living cells?
Q002272,General Science,Environment,Chlorofluorocarbon,Match List-I with List-II and select the correct answer using the codes given below the lists: List-I a. Skin cancer List-II b. Noise pollution 1. Chlorofluorocarbon c. Global warming 2. Ultraviolet light d. Ozone hole 3. Decibel Code : a b c d
Q002274,General Science,Medicine,Radio isotopes for leukemia,Which of following radio isotopes is used in the treatment of blood cancer (leukemia)”
Q002279,Geography,States,Sultanpur Bird Sanctuary,Sultanpur Bird Sanctuary is located in:
Q002280,Geography,States,Uttarakhand,What is the per capita forest area (in average hectares) in India?
Q002284,General Science,Medicine,Cancer Treatment,Which of the following can cause cancer as well as cure it depending upon its intensity and use?
Q002285,General Science,Human Body,Blood Volume,The total volume of blood in a a normal adult human being is :
Q002286,General Science,Diseases,Typhoid and Cholera,Typhoid and cholera are typical examples of-
Q002287,General Science,Human Body,Energy Storage,Energy is stored in the liver and muscles in the form of :
Q002289,General Science,Evolution,Biodiversity,The reason of large-scale diversity among the organisms is :
Q002290,General Science,Ecology,Vermiculture,What is vermiculture?
Q002305,Indian Economy,Agriculture,Wheat production,The maximum wheat producing state of India is–
Q002314,Geography,States,Coffee production in India,Which is the largest coffee producing state in India?
Q002322,Indian Economy,Agriculture,Major Crops,The type of joint found at shoulder is also found at :
Q002325,General Mental Ability & CSAT,Odd One Out,Classification & Odd One Out,The incubation period of hepatitis B virus is :
Q002340,Indian Economy,Industry,Reliance Industries Market Capitalization 2023,Which country hosted the 2022 Winter Olympics?
Q002345,Current Affairs,Geography,State Ranking - SDG India Index 2023,Which Indian State topped the NIT Aayog’s SDG India Index 2023?
Q002346,Current Affairs,Sports,20th Asian Games 2026 Host Country,Which of the following country is going to host 20th Asian games 2026?
Q002347,Current Affairs,Culture,City of Literature - UNESCO,In Indian which of the following city has been declared as the first “City of Literature” by UNESCO?
Q002348,Current Affairs,Politics,Prime Minister of Italy,Who is the Prime Minister of Italy as of 2024?
Q002349,Current Affairs,Politics,President of France 2022,Which field game is most popular in the world?
Q002351,Current Affairs,Politics,Re-elected President of France 2022,The number of scientific payloads of Aditya L-1 mission for systematic study of Sun is
Q002360,Current Affairs,Constitution,Eligibility age for senior citizens to vote by postal ballot (post-March 2024),"What is the eligibility age, after the changes made in March 2024, for senior citizens to vote by postal ballot?"
Q002361,Current Affairs,United Nations,UN Security Council vote on Palestine membership (April 2024),"In April 2024, how many members of the UN Security Council either rejected or abstained from voting for the proposal to allow Palestine to become a full member of the UN?"
Q002362,Current Affairs,Agriculture,Oilseeds not covered under 'Atmanirbharta' (April 2024),"In the Union Budget speech for 2024-25, which oilseeds were noted as not being covered under the goal of 'Atmanirbharta' (self-reliance) for oil?"
Q002367,Current Affairs,Rivers,Kosi-Mechi Link Project,"Where was the top leader of Hamas, Ismail Haniyeh, assassinated on 31st July 2024, allegedly in an Israeli airstrike ?"
Q002370,Current Affairs,Development,GVA sectoral shares FY 2023-24,"What were the shares of the Agriculture, Industry and Services sectors in overall GVA at current prices in Financial Year 2024 according to the Economic Survey 2023-24?"
Q002372,Indian Economy,Human Development,Female Labour Force Participation Rate increase 2017-18 to 2022-23,"By how much did the Female Labour Force Participation Rate increase from 2017-18 to 2022- 23, according to the National Sample Survey Office (NSSO)?"
Q002373,Current Affairs,International Organizations,BRICS chairmanship 2024,"Which country took over the chairmanshiP of BRICS on January 1, 2024?"
Q002374,Current Affairs,Banking,RBI headline inflation projection FY 2025,"According to the Reserve Bank of India (RBI), what is the headline inflation projection for FY 2025?"
Q002376,Current Affairs,International Organizations,13th Ministerial Conference of World Trade Organization (WTO) location,Where was the 13<sup>th</sup> Ministerial Conference of World Trade Organization (WTO) held in February 2024?
Q002380,Current Affairs,Development,Aman Sehrawat World Wrestling Olympic Qualifiers 2024,"In which one of the following Freestyle weight categories, Aman Sehrawat became the first Indian male wrestler to quality for the 2024 Paris Olympics at the World Wrestling Olympic Qualifiers, Turkiye in May 2024?"
Q002381,Current Affairs,Budget,Highest allocation in Bihar Budget 2024-25,Which sector received the highest allocation in the Bihar Budget 2024-25?
Q002382,Current Affairs,Supreme Court,Justice N. Kotiswar Singh's previous High Court,"Before his appointment as a judge of the Supreme Court of India in July 2024, Justice N. Kotiswar Singh was the Chief Justice of which High Court?"
Q002384,Current Affairs,Sports,Men Singles title at French Open 2024,Who won the Men Singles title at the French Open Tennis Tournament 2024?
Q002386,Current Affairs,Social Issues,Manvi Madhu Kashyap - First transgender MLA,"Shreyasi Singh, Member of the Legislative Assembly, who has represented India in shooting in Paris Olympics 2024 was elected from which constituency in Bihar?"
Q002387,Indian Polity,Legislative Assembly,Shreyasi Singh's constituency,Which of the following is full form of PCRA?
Q002388,Current Affairs,Coding-Decoding,PCRA full form,What is the title of the film by Payal Kapadia for which she became the first Indian filmmaker to win the Grand Prix Award at the cannes Film Festival in May 2024?
Q002390,Current Affairs,Indian Society,"Arti, Amal Clooney Women’s Empowerment Award","What is the current profession of the voung U.P Woman, Arti, who was conferred the Amal Clooney Women’s Empowerment Award by the King Charles III in May 2024?"
Q002391,Current Affairs,International Relations,Country brought soil from the dark side of the moon,Which country became the first to bring soil from the dark side of the moon in June 2024?
Q002392,Current Affairs,International Relations,NATO membership,"After remaining neutral for almost 200 years, which one of the following countries officially joined the NATO in March 2024?"
Q002396,Current Affairs,Politics,Former President of the United States of America interview,Where did the former President of the United States of America give his recent interview?
Q002397,Current Affairs,Sports,"Flushing Meadows, French Open, Venus Rosewater Dish, Wimbledon Trophy (Women), Roland Garros, US Open, Australian Open (women): Daphne Akhurst Memorial Cup","With reference to sports, which of the following pairs are correctly matched? 1. Flushing Meadows: French Open 2. Venus Rosewater Dish: Wimbledon Trophy (Women) 3. Roland Garros : US Open 4. Australian Open (women): Daphne Akhurst Memorial Cup Select the correct answer using the code given below."
Q002398,Current Affairs,General Science,Mother Tongue Survey of India (MTSI) field videography,The Ministry of Home Affairs has completed the Mother Tongue Survey of India (MTSI) work with field videography of how many languages of the country in November 2022?
Q002399,Current Affairs,Environment & Ecology,"SLCCVC, Vulture Conservation, National Park",Which state government launched the State-Level Committee for Vulture Conservation (SLCCVC) proposed by National Action for Conservation of Vultures in India?
Q002400,Current Affairs,Environment & Ecology,"Asian giant tortoises, National Park","Ten captive-bred Asian giant tortoises (Manouria amys), one of the largest tortoise species in mainland Asia, were recently released in which national park in India?"
Q002408,Geography,Miscellaneous,UNESCO World Heritage Site,Which of the following is not a UNESCO World Heritage Site?
Q002417,Geography,World Landmarks,White House,"With regard to the White House, consider the following statements: 1. The White House address is 1800 Pennsylvania Avenue. 2. It is the official residence and work place of the President of the United States. 3. On November 1, 1800, John Adams became the first president to reside in the building. 4. It is a symbol of American democracy. Which of the above statements is correct?"
Q002418,Indian Economy,Energy,Net Metering,Net metering is sometimes seen in the news in the context of the promoting
Q002424,Geography,World Landmarks,UNESCO World Heritage List,Which of the following has been added to the UNESCO World Heritage List in 2022?
Q002429,Current Affairs,Development,Mother Tongue Survey of India,Which of the following Union Ministry recently launched the YUVA 2.0 Scheme in 2022?
Q002441,Current Affairs,Literature,Seven Moons of Maali Almeida,"Who among the following recently received the 2022 Booker Prize for his novel, the Seven Moons of Maali Almeida?"
Q002444,Current Affairs,Language,Collins Dictionary’s Word of the Year 2022,Which of the following is Collins Dictionary’s word of the year 2022?
Q002446,Geography,Countries,Senegal & France,The Embassy of which country applied for a GI tag for Nihonshu for the first time in India?
Q002447,Current Affairs,GI Tag,Nihonshu,Which of the following space agencies announced that it had successfully used steam to propel its EQUULEUS spacecraft?
Q002454,Current Affairs,Constitution,G20 Summit 2023,Which Indian State/UT has been chosen to host the G20 Summit in 2023?
Q002457,Geography,Countries,Arktika-M Satellite,Which country launched its first satellite 'Arktika-M' to monitor the climate of the Arctic?
Q002459,Current Affairs,Health,Complete COVID-19 Vaccination Campaign,What is the name of the campaign launched to ensure complete COVID-19 vaccination (in June 2022)?
Q002460,Indian Polity,Bihar Polity & Governance,Maharashtra Chief Minister 2022,Who is the new Chief Minister of Maharashtra after June 30th. 2022?
Q002467,Indian Polity,Presidential Election,UPA Candidate,Who was the candidate of the United Progressive Alliance (UPA) in 15<sup>th</sup> Presidential Election in India?
Q002468,Current Affairs,International Relations,International Booker Prize,"Who has received the International Booker Prize for her novel, Tomb of Sand (Ret Samadhi)?"
Q002469,General Science,Sports,"Elavenil Valarivan, Shreya Agarwal, Ramita",Who has been awarded with the Dadasaheb Phalke Indian Television Award in 2022 from Bihar?
Q002471,Bihar Economy,Social Schemes,Sunandini Programme,‘Sunandini Programme’ is related to –
Q002472,Indian Economy,Budget,Budget 2022-23 Priorities,Which of the following is not included in the priorities of India's Budget 2022-23?
Q002484,Bihar Economy,External Sector,Bare Necessities Index (BNI),"With reference to Bare Necessities Index (BNI), consider the following statements: 1. The Economic Survey has come up with the Bare Necessities Index at rural and urban levels. 2. The BNI has been created for all States for 2018 only 3. The BNI is based on 26 indicators.. 4. The BNI consists of six dimensions. Which of the above statements are correct?"
Q002498,History of India,Sports,"Gold Medal for India won in the Olympics, 2021","In which game was the Gold Medal for India won in the Olympics, 2021?"
Q002501,History of India,International Relations,US Evacuation from Afghanistan,"When the US evacuated its troops from Afghanistan, who was the last American solider to leave Kabul?"
Q002503,History of India,Geography,Galwan Valley Clash between India and China,When did the clash between the soldiers of Indian and China take place in the Galwan Valley?
Q002504,Current Affairs,International Relations,Pegasus Spyware Development by US,In which country the Pagasus spyware has been development?
Q002505,Current Affairs,Social Issues,Fit India Movement Mantra,"On the occasion of the first anniversary of the Fit India Movement, who gave the Mantra, Fitness ki Dose, Aadha Ghanta Roz, (Fitness Dose, Half an Hour Daily)?"
Q002506,Current Affairs,Political Events,First Anniversary of Fit India Movement,"On the one hundred birth anniversary of Rajmata Vijay Raje Scindia, Prime Minister Narendra Modi released a:"
Q002507,History of India,Arts & Culture,Chi Lupo Documentary Film winning Dadasaheb Phalke Award,Which state's short documentary film 'Chi Lupo has won the Dadasaheb Phalke Award. 2020?
Q002508,Current Affairs,Banking,e-Kisan Dhan App launched by Private Sector Bank,Which private sector bank has launched 'e-Kisan Dhan' app for farmers?
Q002510,History of India,Indian Armed Forces,Rafale fighter aircraft,Rafale fighter aircraft has been formally inducted into the Indian Air Force at which Air Force Station?
Q002516,Indian Economy,Industry,Defence Research and Development Organisation,Who is the Chairman of the Defence Research and Development Organisation?
Q002520,Geography,Coastal Security,Indian beaches Blue Flag certification,How many Indian beaches have been recommended for Blue Flag certification recently?
Q002518,Current Affairs,Nobel Peace Prize,"Nobel Peace Prize, 2020","Who has been selected for the Nobel Peace Prize, 2020?"
Q002527,Geography,Countries,Nuclear Power Plant,Which Arab state has started first nuclear power plant?
Q002528,Indian Polity,International Organisations,International Labour Organisation’s Governing Body,Which country assumed the role of Chairman of the International Labour Organisation’s Governing Body for the period of October 2020 till June 2021?
Q002529,Current Affairs,Development,Operation My Saheli,'Operation My Saheli' launched in September 2020 aims:
Q002530,Geography,Countries,Largest Indian Population,"As of December 2018, which of the following countries in the world has the largest Indian population?"
Q002532,Indian Polity,National Commission for Women,Head of National Commission for Women,Who is the present head of the National Commission for Women?
Q002538,Indian Economy,Budget,PM Awas Yojana - Key Schemes,"Pradhan Mantri Awas Yojana – 79,590 crores 2. Jal Jeevan Mission –70,000 crore 3. MNREGA – 60,000 crores 4. Prime Minister Kisan Samman –60,000 crore Nidhi (PM Kisan) 200. Which was the first Arab country to sign a peace agreement with Israel?"
Q002539,Indian Polity,International Relations,First Arab Country to Sign Peace Agreement with Israel,When was the Citizenship (Amendment) Act passed?
Q002541,Geography,Infrastructure Projects,13th Major Port of India,The name of India's first indigenous antiradiation missile is
Q002542,History of India,Personalities,Kamala Harris's Ancestral Village,Ancestral village of Kamala Harris is situated in which district of Tamilnadu?
Q002543,Geography,Wildlife Sanctuaries,Salim Ali Bird Sanctuary,Where is ‘Salim Ali Bird Sanctuary’ located?
Q002544,Geography,Geographical Locations,Salim Ali Bird Sanctuary Location,Which portal has been launched by the Ministry of Human Resource Development to improve the education system in India?
Q002555,General Mental Ability & CSAT,Rivers,Ahmedabad-Gujarat,Which country has sister-state relationship with Ahmedabad?
Q002566,General Mental Ability & CSAT,Thinkers,I am no Messiah,Which one is correct in the ascending order of HDI 2019 ranking of the following countries?
Q002568,Society,Thinkers,A Gallery of Rascals,Who is the author of the book ‘A Gallery of Rascals’?
Q002570,History of India,Olympics,2020 Summer Olympics,Where will the Summer Olympic Games be held in 2020?
Q002574,History of India,Biographies,Mukund Padmanabhan,Who became the editor of the newspaper The Hindu after Mukund Padmanabhan?
Q002576,Geography,Districts,Megalithic Site Documentation,"In July 2019, experts visited for the first documentation of a Megalithic site of Bihar in Which of the following districts?"
Q002578,Geography,Countries,Paraguay,"Recently, ISRO and CNES signed an agreement to set up a joint maritime surveillance system. CNES is a space agency of which country?"
Q002579,Geography,Capitals,Paraguay Capital,What is the capital of Paraguay to which the Vice President of India paid a visit in March 2019?
Q002580,Geography,UN Environment Assembly,UNEA-4,Where was the 4<sup>th</sup> Session of the UN Environment Assembly (UNEA-4) held recently?
Q002582,Indian Polity,Bihar Legislature,Chief Minister of Goa,Who succeeded Manohar Parrikar as the Chief Minister of Goa on his deth recently?
Q002587,Indian Economy,Agriculture,second fastest batsman to score 25 countries in the test format after Sir Don Bradman,Who is the second fastest batsman to score 25 countries in the test format after Sir Don Bradman?
Q002591,Indian Polity,Bihar Administration,Permanent Representative of India in the UN before Syed Akbaruddin,Who was the Permanent Representative of India in the UN before Syed Akbaruddin?
Q002597,Indian Polity,Social Issues,Mob Lynching,Which state has recently passed an Act against 'Mob Lynching and Honor Killing'?
Q002598,Indian Economy,Industry,Private Train,The name of India's first private train is
Q002599,Society,Sports,Deepa Malik (Para-sports),"Who is the winner of the trophy of T-20 Physical Disability World Cricket Series, 2019."
Q002600,Indian Polity,Awards,Padma Shri (Deepa Malik),Deepa Malik is related to which sport?
Q002604,Society,Sports,Bhagirathi Devi (Weightlifting) – Padma Shri 2019}]} 1.  {,In which field was Bhagirathi Devi given the Padma Shri award in January 2019?
Q002611,Current Affairs,Development,Jal Jeevan Mission,"For which year, the target has been set by 'Jal Jeevan Mission' to ensure 'water in every house for all rural families?"
Q002615,History of India,Arjuna Award,1961,In which year did Arjuna Award started?
Q002616,Indian Polity,Internal Security,Cybersecurity,Defence Minister of India Smt. Nirmala Sitharaman made a three-day visit to which nation the first week of October 2018?
Q002622,Geography,Countries,Emmerson Mnangagwa,Emmerson Mnangagwa was elected as the President of which country in presidential elections held in November 2017?
Q002623,Current Affairs,Political Events,Emergency declaration,"On 20<sup>th</sup> July, 2018, which nation ended emergency after two years?"
Q002624,Current Affairs,Health,Polio outbreak,Which of the following nations declared emergency due to polio outbreak in June 2018?
Q002625,Current Affairs,Sports,Cricket Asia Cup,"For how many times, India won the Cricket Asia Cup on 29<sup>th</sup> September, 2018 defeating Bangladesh?"
Q002626,Current Affairs,Sports,18th Asian Games 2018 (Jakarta) - Medal tally,"Which of the following is the correct order of medals won by India in the 18th Asian Games, 2018 (Jakarta)? (E) None of the above/More than one of the above In the 8th Asian Games 2018 held in Jakarta, India stood 8th in the medal table by winning 15 gold, 24 silver and 30 bronze medals (total 69 medals). • 19th Asian Games 2022- Hangzhou (China) • 20th Asian Games 2026- Nagoya (Japan) Note:- Due to the increasing COVID-19 outbreak in China, the Asian Games 2022 will be held from September 23 to October 8, 2023. 289. Which is the first Indian airline company that used biofuel as ATF in August 2018?"
Q002628,Geography,Civilizations,Indus Valley Civilization - Rainfall duration,"According to the report of IIT, Kharagpur, study group, continuous low rainfall for how many years was the cause of fall of the Indus Valley Civilization?"
Q002630,General Mental Ability & CSAT,Champaran Satyagraha,Brother-sister,"In January 2018, which Indian State allowed people to establish a humanitarian relationship with trees. i.e. brother-sister?"
Q002633,General Science,Science & Technology,Indian Railway University,In which of the following institutions was the first Indian Railway University established in September 2018?
Q002639,Indian Economy,Industries,Electric Locomotive Engine,The capacity of India’s most poweful electric locomotive engine made in Madhepura Locomotive Factory is :
Q002629,Environment & Ecology,Forestry,India Forest Status Report 2018,"According to India Forest Status Report released in February 2018, how much area of India is covered by forest?"
Q002646,History of India,International Relations,Harimau Shakti 2018 India-Bangladesh military exercise,Bilateral military exercise 'Harimau Shakti 2018' has been conducted between India and which country?
Q002649,Geography,Cities,India's first nationwide food archeology conference 'Archaeobroma',Which city hosted India's firstever nationwide food archeology conference 'Archaeobroma'?
Q002652,General Mental Ability & CSAT,Miscellaneous,State with most number of beggars Ministry of Social Justice,"Which State has topped the list of States with most number of beggars, as per data released by the Union Ministry of Social Justice?"
Q002654,History of India,Sports,Men’s 25 m Rapid Fire Pistol Event,Which Indian sports person has bagged Gold in the Men’s 25 m Rapid Fire Pistol Event at the 2018 ISSF Junior Shooting World Cup in Sydney?
Q002661,Indian Economy,Industry,Mobile phone production position,"According to the recent data released by Indian Cellular Association (ICA), India has acquired what position in the world in producing mobile phones ?"
Q002662,Bihar Economy,Social Welfare Schemes,Rupashree Scheme,Which State Government has rolled out ‘Rupashree Scheme’ for marriage of poor girls?
Q002663,History of Bihar,Social Movements,Think Tank on Framework for National Policy on E-Commerce,
Q002672,History of India,US Politics,Donald Trump-Presidential Nominee,The elected US President Donald Trump was the presidential nominee of the :
Q002675,Current Affairs,Literature,Nobel Prize in Literature 2016 Winner,The 2016 Nobel Prize in literature was won by:
Q002676,Indian Polity,United Nations,Secretary General of the United Nations,Who is the new Secretary General of the United Nations?
Q002686,Current Affairs,Sports,Davis Cup Tennis Tournament winner,Which country has won the 2016 Davis Cup Tennis Tournament?
Q002691,History of India,Athletes,Gautam Gambhir,What was the theme of the 2016 Rio Olympics?
Q002692,Current Affairs,Awards,Rabindra Nath Tagore,Who has been conferred with the 2015 Jnanpith Award?
Q002693,Indian Economy,Sports,Mahendra Singh Dhoni,"The book ""Six Machine: I Don't Like Cricket I Love It"" is the autobiography of which cricketer?"
Q002694,Geography,Pipelines,Iran-Pakistan Gas Pipeline,Iran-Pakistan Gas Pipeline is also called as:
Q002696,Current Affairs,Sports,FIFA World Cup 2022,The FIFA World Cup 2022 will be held in :
Q002698,Indian Economy,Social Welfare,Mental Health Policy,The Union Health Minister launched Mental Health Policy on :
Q002699,Current Affairs,Government Schemes,Saansad Adarsh Gram Yojana,Prime Minister Narendra Modi launched Saansad Adarsh Gram Yojana on :
Q002707,Geography,International,Country making military service compulsory for adult males,Which one of the following countries has decided in January 2014 to make military service compulsory for all its adult males?
Q002711,Indian Polity,International,UN Security Council membership,"In October 2014, India has been reelected for three years as a member to:"
Q002715,Current Affairs,Sports,Champions League T-20,"Who was the winner of Champions League T-20, 2014?"
Q002717,History of India,Sports,Wrestling,Who among the following was the Gold Medal winner in the 17<sup>th</sup> Asian Games Men’s Freestyle 65 kg Wrestling?
Q002718,Current Affairs,Sports,Commonwealth Games,Which Country achieved the fifth position in the 20<sup>th</sup> Comonwealth Games?
Q002719,Current Affairs,Sports,Australian Open Tennis,Who won her first Grand Slam Australian Open Tennis Competition 2014 (Women's Singles)?
Q002720,Current Affairs,Sports,SAFF Tournament,"The winner of the SAFF Tournment, 2013 was:"
Q002722,Indian Economy,Agriculture,Oilseeds Production 2013-14,What is the total production of oilseeds in India in the year 2013-14?
Q002723,Current Affairs,International Relations,Recognition of Palestine,Which of the following European Union country is the first to give official recognition to the State of Palestine?
Q002724,Current Affairs,International Relations,EU Country Recognition of Palestine,The International Day of persons with disabilities is celebrated on-
Q002730,History of India,World War II,Atomic Bomb,Who among the following is the winner of Mahatma Gandhi International Award for Peace accorded for the year 2009?
Q002731,Indian Polity,Political Parties,A. Raja,Former Union Minister of Communications and Information Technology Shri A. Raja belongs to which party?
Q002734,Bihar Polity & Governance,Bihar Legislative Assembly,2010 Election Comparison,Which party achievement is correct in Bihar Legislative Assembly elections 2010 compared to 2005 elections? JDU BJP RJD LJP CONG Other
Q002736,Geography,Countries,Finland Rank,Finland was first in the list of the best countries in the world in 2010 by the famous magazine 'News Week'. What was the rank of India?
Q002745,General Mental Ability & CSAT,Biosciences,Dr. CNR Rao,"Which Indian was awarded the 'World Statesman Award, 2010'?"
Q002746,Current Affairs,Sports,Commonwealth Games 2010,"India won a total of 101 medals in the Commonwealth Games, 2010. Out of these, how many medals did team sports, women and men get respectively?"
Q002747,Indian Economy,Energy,Per Capita Energy Consumption,The per capita energy consumption in India in the year 1994 was -
Q002748,Indian Economy,Agriculture,Green Revolution,'Durand Cup' is related to which game?
Q002755,Geography,Biogeography,Research Centers in Antarctica,The name of India's third research center in Antarctica is
Q002758,History of India,Telecommunications,First Appearance of Telephone in India,What is the order of Mrs. Pratibha Patil as the President of the Republic of India?
Q002759,Indian Polity,President of India,Mrs. Pratibha Patil,"After the amendment in the Indian Constitution by the Parliament on 14 August 2007, what is the number of castes in the list of Scheduled Castes?"
Q002760,Bihar Economy,Scheduled Castes,Number of Castes after Amendment 2007,Mohammad Ansari's serial number as the Vice President of India is -
Q002749,Current Affairs,2G Spectrum,Telecom,For which word is the letter 'G' used in '2G spectrum'?
Q002769,Indian Economy,Industries,Bharat Dynamics Limited Center location,Where is Naval Air Station “Garuda” located?
Q002772,Miscellaneous,China,China's News Agency,What is the name of China's news agency?
Q002777,Art & Culture,Sports,Radha Mohan Cup,Radha Mohan Cup is related to which sport?
Q002778,History of India,British Rule,Winston Churchill,"By whom has the book ""Nineteen Eighty Four"" been written?"
Q002779,Indian Polity,United Nations,Permanent Members of UNSC,Who among the following is not a permanent member of the United Nations Security Council?
Q002781,Current Affairs,Naxalism,Spread of Naxalism,"Naxalism in India. which was once limited to West Bengal and Andhra Pradesh, has now spread to these states as well."
Q002782,Geography,G-8 Group,Member Countries,Which one of these countries is not a member of the G-8 group?
Q002783,Indian Polity,LTTE,Sri Lankan Tamil Tigers,'LTTE' is for-
Q002784,Indian Polity,G15,Group of Fifteen,G15 is -
Q002791,Indian Economy,Agriculture,Village on Wheels,In which year did the Railway Ministry announce the launch of a project called 'Village on Wheels'?
Q002814,General Mental Ability & CSAT,Logical Reasoning,Deductive Reasoning,The main ideas behind globalization are
Q002819,Indian Polity,Panchayati Raj,Gram Sabha,The function of bureaucracy is –
Q002826,Indian Polity,Constitutional Development,Bihar Legislative Assembly Seats,Which political party has four seats in the Bihar Legislative Assembly and one seat in the Bihar Legislative Council?
Q002828,History of India,Bharti Munde,Indian Economic Crisis,Ngozi Okonjo-Iweala became the first woman of the world and the first African women to be appointed as the Head of the World Trade Organization (WTO). She hails from which country?
Q002832,Geography,Infrastructure,CPEC Project,What is CPEC project?
Q002834,Bihar Polity & Governance,Important Personalities,"Who from Bihar has been conferred the Padma Bhushan Award on 26<sup>th</sup> January, 2021?","Who from Bihar has been conferred the Padma Bhushan Award on 26<sup>th</sup> January, 2021?"
Q002836,Bihar Polity & Governance,Important Personalities,"Who from Bihar was conferred the Padma Shri Award for great contribution in the field of Medicine on 26<sup>th</sup> January, 2021?","Who from Bihar was conferred the Padma Shri Award for great contribution in the field of Medicine on 26<sup>th</sup> January, 2021?"
Q002841,History of India,Buddhism & Jainism,"The Fifth International Dharma-Dhamma conference was organized by India Foundation in collaboration with Nalanda University on 27- 28 July, 2019 in which of the following towns/ cities?","The Fifth International Dharma-Dhamma conference was organized by India Foundation in collaboration with Nalanda University on 27- 28 July, 2019 in which of the following towns/ cities?"
Q002843,Geography,Disaster Management,What is ‘Central Vista Redevelopment Project’?,What is ‘Central Vista Redevelopment Project’?
Q002851,Indian Polity,Awards,Rajiv Gandhi Khel Ratna Award,Rajiv Gandhi Khel Ratna Award was renamed after which of the following players?
Q002852,General Science,Sports,Tokyo Olympics Gold Medals,Which country has won the most Gold Medals in the Tokyo Olympics 2020 to be held in the year 2021?
Q002854,Geography,Countries,UAE,Which is the first country in the world to provide free sanitary products to all women in their country?
Q002855,Indian Polity,International Relations,QUAD,"The Quadrilateral Security Dialogue (QSD), also known as QUAD, is a group of which of the following countries?"
Q002856,Indian Polity,Nobel Prizes,Nobel Peace Prize,Who among the following decides to award the Nobel Peace Prize?
Q002864,Geography,World Rankings,"World Happiness Index, 2018","Which country has secured first position in the World Happiness Index, 2018?"
Q002866,Current Affairs,Humanitarian Issues,Operation Rohingya,What is the name of the operation that was launched by the Government of India to provide help to the Rohingya refugees?
Q002867,Current Affairs,International Relations,International Year of,The United Nations General Assembly has declared 2019 as the International Year of :
Q002868,Geography,World Rankings,NATO Membership,Which country became the 29th member of NATO in June 2017?
Q002872,Indian Polity,Bihar,Mufti M. Sayeed Award,"Who has been given the first 'Mufti M. Sayeed Award for Probity in Public Life, 2018' by the Jammu and Kashmir Government ?"
Q002874,Bihar Polity & Governance,Law and Order,Safe City Surveillance Scheme,Which one among the following states has launched 'Safe City Surveillance Scheme' for checking crime against women at public place in December 2017?
Q002875,Art & Culture,Literature,Gender Literature Festival,The world's first Gender Literature Festival was held at:
Q002877,Geography,International,32<sup>nd</sup> Summer Olympic Games,The 32<sup>nd</sup> Summer Olympic Games will be held in:
Q002878,Current Affairs,Sports,Para Athlete Gold Medal,Who became the first Indian para athlete to win the Gold at World Para Athletics Championships?
Q002879,History of India,Biography,Indira Gandhi Book,"The famous book, Indira: Most Powerful Prime Minister is written by :"
Q002883,Geography,Ports,Kandla Port,India's first National Rail and Transportation University is established at:
Q002884,Geography,Ports,VVPAT,Kandla Port is renamed as :
Q002889,History of India,Dr. A.P.J. Abdul Kalam,Chronological Order as President,What is the chronological order of Dr. A.P.J. Abdul Kalam as President of India?
Q002891,History of India,Suhrawardy Brothers,Indonesia's forced leave,Who was forced to leave the rule of Indonesia after 32 years in May 1998?
Q002892,History of India,Indian Independence Movement,Arundhati Roy - Booker Company Award,"In the year 1997, Arundhati Roy received the world's highest literary award established by the Booker Company for her book:"
Q002899,History of India,Bhakt Movement,Religious Figures,Who had to return his crown due to his controversial marital status?
Q002909,History of India,Bhakt Movement,Rabindranath Tagore,'The Wings of Fire: An Autobiography' was written by –
Q002910,History of India,Business & Industry,J.R.D. Tata,First JRD Tata Award for joint leadership was given to :
Q002933,General Mental Ability & CSAT,Odd One Out,Gaurav,Choose the group of letters which is different from others.
Q002935,General Mental Ability & CSAT,Odd One Out,Select the missing number from the given options :,Find the odd pair from the following options.
Q002938,General Mental Ability & CSAT,Odd One Out,Read the given statement and conclusion carefully. Consider which of the following conclusion logically follows from the statement. Statement : In a one day cricket match the team scored a total of 200 runs out of which 160 runs were scored by spinners. Conclusion : 1. 80% of the players in the team were spinners. 2. The opening batsman was a spinner. Choose the correct answer.,Read the given statement and conclusion carefully. Consider which of the following conclusion logically follows from the statement. Statement : In a one day cricket match the team scored a total of 200 runs out of which 160 runs were scored by spinners. Conclusion : 1. 80% of the players in the team were spinners. 2. The opening batsman was a spinner. Choose the correct answer.
Q002931,Geography,Direction,"Gaurav walks 20 metres towards North He then turns left and walks 40 metres, He again turns left and walks 20 metres, Further, he moves 20 metres after turning to the right. How far is he from his original position?","Gaurav walks 20 metres towards North He then turns left and walks 40 metres, He again turns left and walks 20 metres, Further, he moves 20 metres after turning to the right. How far is he from his original position?"
Q002952,General Mental Ability & CSAT,Logical Reasoning,Which of the following statements is false?,Which of the following statements is false?
Q002956,General Mental Ability & CSAT,Rivers,A train of length 140 m is running at a speed of 60 km/hr and a dog is running in the same direction parallel to the train at a speed of 18 km/hr.,A train of length 140 m is running at a speed of 60 km/hr and a dog is running in the same direction parallel to the train at a speed of 18 km/hr. The train will cross the dog in:
Q002960,Indian Economy,Human Development,"In a class of 55 students, 34 like to play cricket and 26 like to play badminton. Also, every student likes to play at least one of the two games.","In a class of 55 students, 34 like to play cricket and 26 like to play badminton. Also, every student likes to play at least one of the two games. How many students like to play both Cricket and Badminton?"
Q002962,Mathematics — Mains,Numbers,How many numbers between 100 and 500 are divisible by 4. 5 and 6?,How many numbers between 100 and 500 are divisible by 4. 5 and 6?
Q002963,Indian Economy,Agriculture,"In a mixture of 70 kg, the ratio of sand and cement is 4:1. How much sand should be added to the mixture so that the ratio of sand and cement in it becomes 6 : 1?","In a mixture of 70 kg, the ratio of sand and cement is 4:1. How much sand should be added to the mixture so that the ratio of sand and cement in it becomes 6 : 1?"
Q002968,General Mental Ability & CSAT,Number Series,Finding the Missing Number,"How many numbers between 200 and 600 are divisible by 4, 5 and 6?"
Q002970,General Mental Ability & CSAT,Arithmetic,Number Problems,The difference between the squares of two numbers is 256000 and the sum of the numbers is 1000. The numbers are –
Q002982,General Mental Ability & CSAT,Odd One Out,Number & Letter Series,Which one of the following cannot be the square of a natural number?
Q002997,General Mental Ability & CSAT,Quantitative word-problems,"Two trains, each of length 150 meters, are moving in opposite directions with equal speed of 90 km per hour","Two trains, each of length 150 meters, are moving in opposite directions with equal speed of 90 km per hour. The time taken by the trains to cross each other will be :"
Q002998,Mathematics — Mains,Combinatorics,The number of ways in which 12 identical pens can be distributed between two students,"The number of ways in which 12 identical pens can be distributed between two students, if each student is to get at least two pens. is"
Q002999,Indian Economy,Agriculture,If the radii of circles A and B are in the ratio 1.5 : 1,If the radii of circles A and B are in the ratio 1.5 : 1. then the areas of the circles A and B will be in the ratio :
Q002990,Indian Economy,Agriculture,Milk Production,"A milkman mixes 30 liters of water with 70 liters of milk. After selling one fourth of this mixture, he adds water to replenish the quantity that he has sold. What is the current proportion of water to milk?"
Q003009,General Mental Ability & CSAT,Development,Profit Percentage,"If the ratio of purchasing price and selling price of an item is 10 : 11, then the profit percentage is"
Q003015,General Mental Ability & CSAT,Development,the value of,"A train of length 150 meters, moving towards north direction at a speed of 144 km/hr, can cross a 250 meters long bridge in:"
Q003030,General Mental Ability & CSAT,Development,scheme/index,"A sum of money invested at compound interest amounts to Rs. 4,624 in 2 years and to Rs. 4,813 in 3 years. The sum of money is :"
Q003031,Mathematics — Mains,Percentage,market value of each share,A man buys Rs. 20 shares paying 9% dividend. The man wants to have an interest of 12% on his money. The market value of each share is:
Q003033,Indian Economy,Agriculture,investment and profit ratio,"A invests Rs 76.000 in a business. After few months, B joined him with Rs 57,000. At the end of the year the total profit was divided between them in the ratio 2:1. After how many months did B join?"
Q003043,Indian Economy,Industry,Expenditure,"In the following pie-chart, the various expenditure of an industry are presented. Total expenditure on raw material is Rs. 30 lac. If labour expenditure is increased by 5%. How much expenditure on other expenses be reduced to maintain the profit?"
Q003052,Mathematics — Mains,Trigonometry,tan,"If tan , then the value of sec is"
Q003053,Mathematics — Mains,Circles,Area of a circle,A circle has area 154 square units. Its diameters have equations and . Then the radius of the circle is:
Q003055,Mathematics — Mains,Functions,Value of function,If the function then the value of is
Q003057,Mathematics — Mains,Matrices,Inverse of a matrix,The inverse of Matrix is :
Q003058,General Mental Ability & CSAT,Circles,Area covered by a circle,"If the length of the large hand of a clock is 12 cm, then the internal area covered by the large hand in one minute will be"
Q003059,Mathematics — Mains,Circles,Radius of a circular path,"A player completes a race of 2200 meters by completing 7 complete rounds of a circular path, then the radius of that circular path is"
Q003060,General Mental Ability & CSAT,Coordinate Geometry,Midpoint of two points,"What will be the coordinate of the mid point joining the points P(4, 6) and (–4, 8)."
Q003093,Mathematics — Mains,Arithmetic Progression,"The 101st term of the arithmetic progression 5, 11, 17, … is","The 101st term of the arithmetic progression 5, 11, 17, … is :"
Q000011,Current Affairs,Sports,Kosi Mechi Link Project beneficiaries,How many bronze medals were won by Bihar players in the 38<sup>th</sup> National Junior Athletics Championship 2025?
Q000017,Society,Miscellaneous,Afrikaners,Afrikaners indicate the people:
Q000018,Current Affairs,Art & Culture,Stepwell in Gujarat,What is the name of the 16<sup>th</sup>-century stepwell that the Archaeological Survey of India recently conserved in collaboration with the World Monuments Fund India?
Q000021,Current Affairs,Mathematical & Symbol Operations,GSLV-F15 Mission,What is true of the GSLV-F15 mission by ISRO?
Q000023,Current Affairs,Climate Change,UN Climate Conference in Baku 2024,The UN climate conference held in Baku in 2024 concluded with an agreement that:
Q000024,Current Affairs,Nobel Prize,The Vegetarian Novel,"Awarded the Nobel Prize in Literature in 2024, Han Kang's novel 'The Vegetarian' won which other prestigious award?"
Q000025,Current Affairs,Current Affairs,Glacier,Which glacier of Nepal among the following has been declared 'dead' in May 2025?
Q000026,Current Affairs,Indian Economy,Human Development Index,"According to the UNDP Human Development Index (HDI) Report 2025, life expectancy in India increased from 58.6 years in 1990 to how many years in 2023?"
Q000028,Current Affairs,Film,Emma Stone - Academy Awards,At the 96thAcademy Awards (2024). Emma Stone won the Oscar for Actress in a Leading Role for her performance in which film?
Q000029,Current Affairs,Film,Gujarati Film - National Film Award,"Which Gujarati film won the 70<sup>th</sup> National Film Award for Best Feature Film promoting national, social and environmental values?"
Q000031,Current Affairs,Blood Relations,Family Relationship Puzzle,"Phuntsho, Karma – Bhutan 2. Nguyen Thi Ngoc Phuong – Vietnam 3. Farwiza Farhan – Indonesia 4. Miyazaki Hayao – Japan 5. Rural Doctors Movement – Thailand Ramon Magsaysay Award Establishment – Year 1957 1. This award is given in memory of Ramon Magsaysay, the seventh president of the Philippines. 2. It was established to honor outstanding work in government service or social reform taking place in Asia 3. It is also known as Asia's Nobel Prize 4. The award is presented by the Ramon Magsaysay Award Foundation. 5. It is given to individuals and organizations who have made exceptional contributions to public service in various fields 31. Which of the following statements are true about Akashteer?"
Q000033,Current Affairs,Historical Events,Holocaust Memorial Day,Which day is observed as Holocaust Memorial Day?
Q000034,Current Affairs,Literature,Banu Mushtaq - International Booker Prize,What is the title of the book by Banu Mushtaq that won the 2025 International Booker Prize?
Q000037,General Mental Ability & CSAT,Development,Human Development Index,"Percentage of children under five years of age who are underweight (child malnutrition) — an indicator of poor health and nutrition. (Statemen 1: True) 2. Percentage of adult women who are illiterate — reflects a lack of education and knowledge (Statement 2: True) 3. Percentage of births not attended by skilled health personnel — an indicator of unsafe motherhood. • Male illiteracy is not used as an indicator in this (Statement 3: Incorrect) • The unavailability of clean drinking water is part of the Human Poverty Index (HPI), not the Capability Poverty Measure (CPM). (Statement 4: Incorrect) 37. Which of the following is not among the top ten principal commodities of India's export during April-September 2024-25?"
Q000040,Current Affairs,Banking,U-WIN Portal,Which of the following statement/s is/are NOT CORRECT about the U-WIN portal of Ministry of Health and Family welfare?
Q000042,Current Affairs,Rivers,Bharatmala Pariyojana Road Length,Which state had the highest constructed road length under Bharatmala Pariyojana as of 31<sup>st</sup> October 2024?
Q000044,Current Affairs,Development,Foreign Exchange Reserves,India's foreign exchange reserves:
Q000051,Indian Economy,Bihar Economy,YUVA framework components,Which of the following is NOT one of the components under the YUVA framework of the Bihar Startup Policy 2022?
Q000053,Indian Economy,Demographic Change,Bihar's demographic trends 2041,Consider the following statements: 1. The proportion of the young population (0-19 years) in Bihar is projected to decline significantly by 2041. 2. Bihar's demographic dividend is expected to peak around 2041 3. The elderly population (60+ years) in Bihar is expected to rise more sharply than in India. Select the correct answer using the codes given below:
Q000054,Indian Economy,Labour Force,Women employment in Bihar (PLFS 2023-24),"According to PLFS 2023-24, which of the following statements best describe the nature of employment among women in Bihar?"
Q000056,Indian Polity,Attorney General,Attorney General of India,Attorney General of India:
Q000058,Indian Polity,Directive Principles,Non-Gandhian Directive Principles,Which of the following Directive Principles do not follow Gandhian Principles? 1. Organization of Village Panchayats 2. Common Civil Code 3. Promotion of cottage Industry in rural areas 4. Right to work Code :
Q000007,General Mental Ability & CSAT,Symbol/Operator Substitution,"If + means x, x means -, ÷ means + and - means ÷ then 175-25÷5+20×3+10 equals to:","If + means x, x means -, ÷ means + and - means ÷ then 175-25÷5+20×3+10 equals to:"
Q000010,General Mental Ability & CSAT,Code Breaking,Substitution Cipher,RAIN is written in a code as 8$%6 and MORE is mentioned as 7#8@. How will REMAIN be mentioned in code language?
Q000013,General Mental Ability & CSAT,Languages,Classical Languages,Which Indian languages are accorded the status of Classical Language?
Q000014,General Mental Ability & CSAT,Biodiversity,Important Bird Areas,Which organisation recognized the Nagi bird sanctuary Site as an Important Bird and Biodiversity Area (IBA)?
Q000015,General Mental Ability & CSAT,Current Affairs,Panchayati Raj Day 2025,Where was the National Panchayati Raj Day 2025 event organised?
Q000016,General Mental Ability & CSAT,Space Missions,Lunar Trailblazer Mission,What is the primary objective ofthe Lunar Trailblazer mission?
Q000017,General Mental Ability & CSAT,Ethnic Groups,Afrikaners,Afrikaners indicate the people:
Q000018,General Mental Ability & CSAT,Heritage Conservation,Stepwell Conservation,What is the name of the 16<sup>th</sup>-century stepwell that the Archaeological Survey of India recently conserved in collaboration with the World Monuments Fund India?
Q000019,General Mental Ability & CSAT,Current Affairs,Mayor of New York City,"What is the name of the city mayor who proclaimed April 14, 2025, as Dr. B. R. Ambedkar Day in New York City?"
Q000020,General Mental Ability & CSAT,International Events,Eurovision Song Contest,What is the permanent slogan for the Eurovision Song Contest?
Q000021,General Mental Ability & CSAT,Space Missions,GSLV-F15 Mission,What is true of the GSLV-F15 mission by ISRO?
Q000022,General Mental Ability & CSAT,International Events,18th G20 Summit,What is true of the 18<sup>th</sup> G20 Summit?
Q000023,General Mental Ability & CSAT,International Agreements,UN Climate Conference Baku 2024,The UN climate conference held in Baku in 2024 concluded with an agreement that:
Q000024,General Mental Ability & CSAT,Literature Awards,Han Kang's Novel,"Awarded the Nobel Prize in Literature in 2024, Han Kang's novel 'The Vegetarian' won which other prestigious award?"
Q000025,General Mental Ability & CSAT,Geomorphology,Glacier dead,Which glacier of Nepal among the following has been declared 'dead' in May 2025?
Q000026,General Mental Ability & CSAT,Human Development,HDI Report 2023,"According to the UNDP Human Development Index (HDI) Report 2025, life expectancy in India increased from 58.6 years in 1990 to how many years in 2023?"
Q000027,General Mental Ability & CSAT,Current Affairs,AI Action Summit 2025,In which city was the AI Action Summit held in February 2025?
Q000028,General Mental Ability & CSAT,Film Awards,Emma Stone Oscar 2024,At the 96thAcademy Awards (2024). Emma Stone won the Oscar for Actress in a Leading Role for her performance in which film?
Q000029,General Mental Ability & CSAT,Film Awards,Gujarati Film National Award 2024,"Which Gujarati film won the 70<sup>th</sup> National Film Award for Best Feature Film promoting national, social and environmental values?"
Q000030,General Mental Ability & CSAT,Awards,Ramon Magsaysay Award 2024,Which of the following individuals or organisations was a recipient of the Ramon Magsaysay Award 2024?
Q000031,General Mental Ability & CSAT,Defence Systems,Akashteer,"Phuntsho, Karma – Bhutan 2. Nguyen Thi Ngoc Phuong – Vietnam 3. Farwiza Farhan – Indonesia 4. Miyazaki Hayao – Japan 5. Rural Doctors Movement – Thailand Ramon Magsaysay Award Establishment – Year 1957 1. This award is given in memory of Ramon Magsaysay, the seventh president of the Philippines. 2. It was established to honor outstanding work in government service or social reform taking place in Asia 3. It is also known as Asia's Nobel Prize 4. The award is presented by the Ramon Magsaysay Award Foundation. 5. It is given to individuals and organizations who have made exceptional contributions to public service in various fields 31. Which of the following statements are true about Akashteer?"
Q000032,General Mental Ability & CSAT,Military Ecosystem,MBT Arjun,Which of the following defence platforms are part of India's growing indigenous military ecosystem supported by the Make in India initiative?
Q000033,General Mental Ability & CSAT,Days of Remembrance,Holocaust Memorial Day,Which day is observed as Holocaust Memorial Day?
Q000034,General Mental Ability & CSAT,Literature,Banu Mushtaq Book 2025,What is the title of the book by Banu Mushtaq that won the 2025 International Booker Prize?
Q000035,General Mental Ability & CSAT,International Relations,Indus Waters Treaty Rivers,"According to the Indus Waters Treaty, the three eastern rivers are allocated to India. Which ofthe following is not one of them?"
Q000036,General Mental Ability & CSAT,Human Development,Capability Poverty Measure (CPM),Which of the following statement/s is/are correct about Capability Poverty Measure (CPM) developed by the UNDP? 1. CPM includes child malnutrition as a proxy for lack of health and nourishment. 2. Female illiteracy is included to reflect deprivation in education and knowledge 3. It considers male illiteracy as a key indicator of capability poverty. 4. It includes lack of access to clean drinking water as an important indicator of capability poverty. Select the correct answer using the codes given below:
Q000037,General Mental Ability & CSAT,Indicators of Poor Health and Nutrition,Child Malnutrition,"Percentage of children under five years of age who are underweight (child malnutrition) — an indicator of poor health and nutrition. (Statemen 1: True) 2. Percentage of adult women who are illiterate — reflects a lack of education and knowledge (Statement 2: True) 3. Percentage of births not attended by skilled health personnel — an indicator of unsafe motherhood. • Male illiteracy is not used as an indicator in this (Statement 3: Incorrect) • The unavailability of clean drinking water is part of the Human Poverty Index (HPI), not the Capability Poverty Measure (CPM). (Statement 4: Incorrect) 37. Which of the following is not among the top ten principal commodities of India's export during April-September 2024-25?"
Q000038,General Mental Ability & CSAT,Forest Cover,India State of Forest Report 2023,According to India State of Forest Report 2023 (ISFR 2023):
Q000039,General Mental Ability & CSAT,Global Services Export,Country Share in 2023,Which of the following countries had greater share than India in the global services export in 2023?
Q000040,General Mental Ability & CSAT,U-WIN Portal,Incorrect Statements,Which of the following statement/s is/are NOT CORRECT about the U-WIN portal of Ministry of Health and Family welfare?
Q000041,General Mental Ability & CSAT,NUIS Digital Blueprint,National Institute of Urban Affairs (NIUA),Which organization jointly developed the National Urban Innovation Stack (NUIS) Digital Blueprint with the Ministry of Housing and Urban Affairs (MoHUA)?
Q000042,General Mental Ability & CSAT,Bharatmala Pariyojana,Rajasthan - Highest Constructed Road Length,Which state had the highest constructed road length under Bharatmala Pariyojana as of 31<sup>st</sup> October 2024?
Q000043,General Mental Ability & CSAT,Kisan Rin Portal,Ministry of Agriculture and Farmers Welfare and NABARD,"Before the launch of Kisan Rin Portal (KRP), farmers used to submit manual claims under the Interest Subvention and Prompt Repayment Incentive schemes to which ofthe following institution/s?"
Q000046,General Mental Ability & CSAT,Labour Force Participation Rate (LFPR),Increase in Rural Female LFPR since 2021-22,"Match List-I with List-I List-I List-II a) Perform, Achieve and Trade (PAT) Scheme 1. Introduced in the Union Budget for 2023-24 b) Mangrove Initiative 2 for Shoreline Habitats & Tangible Incomes (MISHTI) . Aims to reduce emissions in energy- intensive industries c) The Lifestyle for Environment (LiFE) initiative 3. Launched in 2019 as national-level strategy d) National Clean Air Programme (NCAP) 4. Launched at COP26 in Glasgow in November 2021 • PAT Scheme - The Perform, Achieve and Trade scheme is an energy efficiency initiative aimed at reducing energy consumption and emissions in energy-intensive industries. This scheme incentivizes industries for energy management and helps them set targets based on performance. • MISHTI - The Mangrove Initiative for Shoreline Habitats and Tangible Incomes was introduced in the 2023-24 Union Budget. This scheme is designed to protect residents in coastal and marine areas, improve their incomes, and conserve natural resources. • LiFE Initiative – The Lifestyle for Environment initiative was launched at COP26 in Glasgow in November 2021. Its aim is to encourage people to adopt environmentally friendly choices in their daily lives and mitigate the effects of climate change. • NCAP – The National Clean Air Programme was launched in 2019 as a national-level strategy. This scheme focuses on improving air quality, identifying sources of pollution, and assisting states and cities in reducing air pollution. 47. According to Annual PLFS 2023-24 report:"
Q000047,General Mental Ability & CSAT,"Science, Technology and Innovation Policy 2020",One Nation One Subscription,"Which of the following was NOT the outcome of Science, Technology and Innovation Policy 2020?"
Q000052,General Mental Ability & CSAT,Quantitative word-problems,Simple and compound interest,Which of the following statement/s is/are correct about Bihar's economic performance in 2023-24?
Q000054,General Mental Ability & CSAT,Quantitative word-problems,Employment among women in Bihar,"According to PLFS 2023-24, which of the following statements best describe the nature of employment among women in Bihar?"
Q000061,General Mental Ability & CSAT,Constitutional Bodies,Procedures of State Legislature,"The statement that ministries and departments are created by the Prime Minister in consultation with the Cabinet Secretary is incorrect; ministries and departments are created according to the Constitution or laws, and while the Prime Minister plays a key role, there is no provision for consulting only the Cabinet Secretary. 2. The statement that each minister is allocated a ministry by the President on the advice of the Prime Minister is correct; according to Article 75 of the Constitution, the President allocates ministries to each minister, but this is done on the advice of the Prime Minister. 62. What is true about the proceedings of the State Legislature?"
Q000062,General Mental Ability & CSAT,Fundamental Rights,Restrictions on Fundamental Rights,The constitution of India provides for (reasonable restrictions) on Fundamental Rights but reasonableness must keep in mind that: 1. The interest of the general public is safeguarded 2. Prevailing social value and also social needs are not bar 3. Directive principles can be bypassed 4. Collective good is not greater Out of these:
Q000063,General Mental Ability & CSAT,Constitutional Bodies,Qualification of Finance Commission Members,"The interests of the general public are protected (correct): Restrictions on fundamental rights are imposed in the interest of the general public, such as for public order, morality, or national security. 2. Existing social values and social needs should not be an obstacle (correct): Courts examine whether the prevailing social values and needs were taken into account when imposing restrictions. 3. The Directive Principles of State Policy can be ignored (False): Both Fundamental Rights and Directive Principles of State Policy (DPSP) must be considered harmoniously; the DPSP cannot be ignored. 4. The collective interest is not paramount (false): Often, the collective interest (community welfare) serves as the basis for restricting individual rights, which means that the collective interest can be given priority. 64. Who among the following determines the qualification which shall be requisite for appointment as member of the finance commission?"
Q000064,General Mental Ability & CSAT,Parliamentary Procedures,Prorogation of a Session,Consider the following statements: 1. The summoning of the House means convocation 2. Prorogation ends a session 3. Dissolution terminates a House 4. Prorogation of a session can be effected by the leader of the House alone
Q000065,General Mental Ability & CSAT,Panchayati Raj Institutions,Empowerment for Financial Review,Who is empowered to review (Financial position of the Panchayats?
Q000066,General Mental Ability & CSAT,Economic Schemes,Atmanirbhar Bharat Scheme,TheAtmanirbhar Bharat Scheme announced by the Govermment helps in: 1. Enhancing India's manufacturing capabilities and exports across the industries 2. Incentivizing foreign investments for domestic production Out of these:
Q000067,General Mental Ability & CSAT,Panchayati Raj Institutions,Purpose of Panchayati Raj,What is the main purpose of Panchayati Raj?
Q000068,General Mental Ability & CSAT,Parliamentary Procedures,Censure Motion Characteristics,What is true about Censure Motion?
Q000069,General Mental Ability & CSAT,Judicial System,Jurisdiction of High Court and Supreme Court,Which one of the following subjects fall within the jurisdiction of both High Court and Supreme Court?
